W,S,proxy,label,research_n,research_mean_ic,research_median_ic,research_hit_rate_ic,research_p1_nominal,research_p2_nominal,oos_seen_n,oos_seen_mean_ic,oos_seen_median_ic,oos_seen_hit_rate_ic,oos_seen_p1_nominal,oos_seen_p2_nominal,oos_b1_n,oos_b1_mean_ic,oos_b1_median_ic,oos_b1_hit_rate_ic,oos_b1_p1_nominal,oos_b1_p2_nominal,oos_b2_n,oos_b2_mean_ic,oos_b2_median_ic,oos_b2_hit_rate_ic,oos_b2_p1_nominal,oos_b2_p2_nominal,oos_b3_n,oos_b3_mean_ic,oos_b3_median_ic,oos_b3_hit_rate_ic,oos_b3_p1_nominal,oos_b3_p2_nominal,oos_positive_ic_blocks,oos_ic_block_range,oos_ic_sign_stability,research_p1_holm,research_p2_holm,oos_seen_p1_holm,oos_seen_p2_holm,oos_b1_p1_holm,oos_b1_p2_holm,oos_b2_p1_holm,oos_b2_p2_holm,oos_b3_p1_holm,oos_b3_p2_holm,oos_w_monotonicity,oos_s_monotonicity,cost_bps,research_spread_bruto_aa_log,research_custo_aa,research_liquido_aa_log,research_liquido_aa_composto,research_liquido_simples_cagr,research_volatilidade_log,research_sharpe_log,research_turnover,research_drawdown_congelado_log,research_drawdown_convencional,oos_seen_spread_bruto_aa_log,oos_seen_custo_aa,oos_seen_liquido_aa_log,oos_seen_liquido_aa_composto,oos_seen_liquido_simples_cagr,oos_seen_volatilidade_log,oos_seen_sharpe_log,oos_seen_turnover,oos_seen_drawdown_congelado_log,oos_seen_drawdown_convencional,oos_b1_spread_bruto_aa_log,oos_b1_custo_aa,oos_b1_liquido_aa_log,oos_b1_liquido_aa_composto,oos_b1_liquido_simples_cagr,oos_b1_volatilidade_log,oos_b1_sharpe_log,oos_b1_turnover,oos_b1_drawdown_congelado_log,oos_b1_drawdown_convencional,oos_b2_spread_bruto_aa_log,oos_b2_custo_aa,oos_b2_liquido_aa_log,oos_b2_liquido_aa_composto,oos_b2_liquido_simples_cagr,oos_b2_volatilidade_log,oos_b2_sharpe_log,oos_b2_turnover,oos_b2_drawdown_congelado_log,oos_b2_drawdown_convencional,oos_b3_spread_bruto_aa_log,oos_b3_custo_aa,oos_b3_liquido_aa_log,oos_b3_liquido_aa_composto,oos_b3_liquido_simples_cagr,oos_b3_volatilidade_log,oos_b3_sharpe_log,oos_b3_turnover,oos_b3_drawdown_congelado_log,oos_b3_drawdown_convencional
126,10,SPY,POST_OOS_EXPLORATORY — NOT VALIDATION — CANNOT RESCUE RSR_001,213,0.041314553990610334,0.08333333333333334,0.5633802816901409,0.04559088182363527,0.04799040191961608,88,-0.048674242424242425,-0.058333333333333334,0.4318181818181818,0.9038192361527695,0.8346330733853229,30,-0.07333333333333333,-0.058333333333333334,0.43333333333333335,0.8660267946410718,0.6796640671865627,30,-0.05444444444444443,-0.025,0.43333333333333335,0.8076384723055389,0.7594481103779244,28,-0.016071428571428563,-0.06666666666666667,0.42857142857142855,0.6018796240751849,0.5700859828034394,0,0.05726190476190477,ALL_NONPOSITIVE,0.4559088182363527,0.47990401919616077,1.0,1.0,1.0,1.0,1.0,1.0,1.0,1.0,NON_MONOTONIC,NONDECREASING,5,0.034199521405553594,0.015981220657276994,0.01821830074827659,0.01838526639156126,0.012500887355862522,0.1108126066610286,0.16440639108874727,2.6635367762128324,-0.3130966292320095,-0.26882074413477,-0.072267386285853,0.015863636363636364,-0.08813102264948935,-0.08435910083298105,-0.0945892185233147,0.1495531000120087,-0.589295859747559,2.643939393939394,-0.7676666349454941,-0.5359052917357183,-0.15245378051943015,0.0156,-0.16805378051943018,-0.15469162766116767,-0.1685194824573789,0.170979873814902,-0.9828863290737977,2.6,-0.48967630330772416,-0.3871752685793637,-0.0016099481889424228,0.015599999999999996,-0.017209948188942406,-0.017062702935043264,-0.01802626059252932,0.14350381560848607,-0.1199267637307666,2.6,-0.2042550488085167,-0.1847455849982529,-0.06205779042513879,0.016428571428571428,-0.07848636185371019,-0.07548533148812964,-0.09069563789883672,0.1322310292233742,-0.593554798103593,2.7380952380952377,-0.22921035042160184,-0.20483874659290435
126,10,SPY,POST_OOS_EXPLORATORY — NOT VALIDATION — CANNOT RESCUE RSR_001,213,0.041314553990610334,0.08333333333333334,0.5633802816901409,0.04559088182363527,0.04799040191961608,88,-0.048674242424242425,-0.058333333333333334,0.4318181818181818,0.9038192361527695,0.8346330733853229,30,-0.07333333333333333,-0.058333333333333334,0.43333333333333335,0.8660267946410718,0.6796640671865627,30,-0.05444444444444443,-0.025,0.43333333333333335,0.8076384723055389,0.7594481103779244,28,-0.016071428571428563,-0.06666666666666667,0.42857142857142855,0.6018796240751849,0.5700859828034394,0,0.05726190476190477,ALL_NONPOSITIVE,0.4559088182363527,0.47990401919616077,1.0,1.0,1.0,1.0,1.0,1.0,1.0,1.0,NON_MONOTONIC,NONDECREASING,10,0.034199521405553594,0.03196244131455399,0.002237080090999606,0.002239584221631811,-0.003574188897113695,0.11099247677015,0.020155240752328538,2.6635367762128324,-0.4385435666880234,-0.3550248994229519,-0.072267386285853,0.03172727272727273,-0.10399465901312571,-0.09876988913345666,-0.10899609339852823,0.1496808494041178,-0.694775981210224,2.643939393939394,-0.8699999682788274,-0.5810484374627265,-0.15245378051943015,0.0312,-0.18365378051943015,-0.1677761139244943,-0.18166755015402147,0.17138163890795105,-1.0716070968259934,2.6,-0.5153429699743908,-0.40270429500789384,-0.0016099481889424228,0.03119999999999999,-0.03280994818894241,-0.03227754048074618,-0.03326901348372324,0.14348183639272818,-0.22866969794795053,2.6,-0.22458838214185006,-0.2011550300496704,-0.06205779042513879,0.032857142857142856,-0.09491493328228162,-0.09054970487068933,-0.10564022977471721,0.13216882702664406,-0.7181340367282492,2.7380952380952377,-0.24364926605403053,-0.21623752183182798
126,10,SPY,POST_OOS_EXPLORATORY — NOT VALIDATION — CANNOT RESCUE RSR_001,213,0.041314553990610334,0.08333333333333334,0.5633802816901409,0.04559088182363527,0.04799040191961608,88,-0.048674242424242425,-0.058333333333333334,0.4318181818181818,0.9038192361527695,0.8346330733853229,30,-0.07333333333333333,-0.058333333333333334,0.43333333333333335,0.8660267946410718,0.6796640671865627,30,-0.05444444444444443,-0.025,0.43333333333333335,0.8076384723055389,0.7594481103779244,28,-0.016071428571428563,-0.06666666666666667,0.42857142857142855,0.6018796240751849,0.5700859828034394,0,0.05726190476190477,ALL_NONPOSITIVE,0.4559088182363527,0.47990401919616077,1.0,1.0,1.0,1.0,1.0,1.0,1.0,1.0,NON_MONOTONIC,NONDECREASING,20,0.034199521405553594,0.06392488262910798,-0.029725361223554396,-0.02928790787556585,-0.0350307808574295,0.11140640054535908,-0.26681915112634597,2.6635367762128324,-0.8651916129493807,-0.5790291185734489,-0.072267386285853,0.06345454545454546,-0.13572193174039843,-0.12691462393148023,-0.13718796452898496,0.14998412571279432,-0.9049086434673316,2.643939393939394,-1.0849994183695724,-0.6620980175712695,-0.15245378051943015,0.0624,-0.21485378051943016,-0.19334061912982906,-0.20740194643335308,0.17223898343023902,-1.2474166779232714,2.6,-0.5770090867318021,-0.438424519179784,-0.0016099481889424228,0.06239999999999998,-0.0640099481889424,-0.0620043318738194,-0.06311121522812546,0.14347699997458488,-0.44613386257226556,2.6,-0.2652550488085167,-0.23298970003636077,-0.06205779042513879,0.06571428571428571,-0.12777207613942448,-0.11994605842082719,-0.1348617868189228,0.13209445268098624,-0.9672781373189041,2.7380952380952377,-0.3142422254692987,-0.26965790072579654
126,10,EQUAL_WEIGHT_9,POST_OOS_EXPLORATORY — NOT VALIDATION — CANNOT RESCUE RSR_001,213,0.033881064162754305,0.06666666666666667,0.5586854460093896,0.08638272345530894,0.08718256348730254,88,-0.03863636363636362,-0.049999999999999996,0.4318181818181818,0.8498300339932013,0.7792441511697661,30,-0.07944444444444444,-0.041666666666666664,0.4,0.8850229954009198,0.7370525894821036,30,-0.033888888888888885,-0.05,0.43333333333333335,0.7094581083783243,0.642871425714857,28,1.586032892321652e-17,-0.049999999999999996,0.4642857142857143,0.4959008198360328,0.48210357928414316,1,0.07944444444444446,MIXED,0.4667066586682663,0.5556888622275545,1.0,1.0,1.0,1.0,1.0,1.0,1.0,1.0,NONINCREASING,NON_MONOTONIC,5,0.026842565925115462,0.01584976525821596,0.010992800666899501,0.011053443507995623,0.004622868826587023,0.11115401690269416,0.09889701670901159,2.6416275430359937,-0.44220587974925674,-0.3573826800572416,-0.03829988388503173,0.016045454545454547,-0.054345338430486265,-0.05289502172662778,-0.0655509920688776,0.1502228828939054,-0.3617647150924906,2.674242424242424,-0.5120601876074429,-0.4007402812486155,-0.09784680868348594,0.015333333333333329,-0.11318014201681928,-0.10701021935421007,-0.1285332354865959,0.15574099701433608,-0.7267202868002762,2.5555555555555554,-0.33982499047527476,-0.28810509975068466,0.02294135352499167,0.016266666666666665,0.006674686858325007,0.006697012224622209,0.007106172295675561,0.1488420416975159,0.04484409634671388,2.7111111111111112,-0.21050696602491664,-0.1898265885544803,-0.04011521882599872,0.01657142857142857,-0.05668664739742731,-0.055109893243845,-0.0706430946998785,0.14900648710854744,-0.38043073491245066,2.7619047619047623,-0.1536652410984517,-0.1424409515086391
126,10,EQUAL_WEIGHT_9,POST_OOS_EXPLORATORY — NOT VALIDATION — CANNOT RESCUE RSR_001,213,0.033881064162754305,0.06666666666666667,0.5586854460093896,0.08638272345530894,0.08718256348730254,88,-0.03863636363636362,-0.049999999999999996,0.4318181818181818,0.8498300339932013,0.7792441511697661,30,-0.07944444444444444,-0.041666666666666664,0.4,0.8850229954009198,0.7370525894821036,30,-0.033888888888888885,-0.05,0.43333333333333335,0.7094581083783243,0.642871425714857,28,1.586032892321652e-17,-0.049999999999999996,0.4642857142857143,0.4959008198360328,0.48210357928414316,1,0.07944444444444446,MIXED,0.4667066586682663,0.5556888622275545,1.0,1.0,1.0,1.0,1.0,1.0,1.0,1.0,NONINCREASING,NON_MONOTONIC,10,0.026842565925115462,0.03169953051643192,-0.004856964591316458,-0.004845188611681917,-0.011207922875878462,0.11133823714549203,-0.043623509010382346,2.6416275430359937,-0.53713476230034,-0.41557964101639144,-0.03829988388503173,0.032090909090909094,-0.07039079297594081,-0.06797048186175934,-0.0805585251487223,0.15041248606792884,-0.4679850377857004,2.674242424242424,-0.6190601876074429,-0.46154975791293096,-0.09784680868348594,0.030666666666666658,-0.12851347535015262,-0.12059828790742282,-0.14199979491085157,0.15600545819255734,-0.8237755065693189,2.5555555555555554,-0.3724916571419414,-0.31098460010841644,0.02294135352499167,0.03253333333333333,-0.009591979808341668,-0.009546123504720392,-0.009190265194975344,0.14904471274580866,-0.06435639098919602,2.7111111111111112,-0.23150696602491663,-0.2066628309226115,-0.04011521882599872,0.03314285714285714,-0.07325807596885582,-0.07063904665453065,-0.0860528552010934,0.14914146889178642,-0.49119856813271817,2.7619047619047623,-0.18399857443178497,-0.16806301019124414
126,10,EQUAL_WEIGHT_9,POST_OOS_EXPLORATORY — NOT VALIDATION — CANNOT RESCUE RSR_001,213,0.033881064162754305,0.06666666666666667,0.5586854460093896,0.08638272345530894,0.08718256348730254,88,-0.03863636363636362,-0.049999999999999996,0.4318181818181818,0.8498300339932013,0.7792441511697661,30,-0.07944444444444444,-0.041666666666666664,0.4,0.8850229954009198,0.7370525894821036,30,-0.033888888888888885,-0.05,0.43333333333333335,0.7094581083783243,0.642871425714857,28,1.586032892321652e-17,-0.049999999999999996,0.4642857142857143,0.4959008198360328,0.48210357928414316,1,0.07944444444444446,MIXED,0.4667066586682663,0.5556888622275545,1.0,1.0,1.0,1.0,1.0,1.0,1.0,1.0,NONINCREASING,NON_MONOTONIC,20,0.026842565925115462,0.06339906103286384,-0.03655649510774839,-0.03589637478045579,-0.04219209183949646,0.11176414214805716,-0.32708607971348225,2.6416275430359937,-0.9493218017793225,-0.6129966005101055,-0.03829988388503173,0.06418181818181819,-0.1024817020668499,-0.09740533478132851,-0.10991877140749895,0.15083274001923444,-0.6794393714108837,2.674242424242424,-0.8412377340968826,-0.5688234888549706,-0.09784680868348594,0.061333333333333316,-0.15918014201681926,-0.14715728767578892,-0.16836876874923512,0.1565807624975241,-1.0166008868384218,2.5555555555555554,-0.43782499047527473,-0.3545612691009514,0.02294135352499167,0.06506666666666666,-0.042125313141675,-0.04125037088374074,-0.0410658472757498,0.1494860198821989,-0.2818010217602387,2.7111111111111112,-0.27350696602491664,-0.23929296276676837,-0.04011521882599872,0.06628571428571428,-0.10640093311171298,-0.10093588876657168,-0.11617752217068222,0.14945213936580093,-0.7119398461823602,2.7619047619047623,-0.2547690803364928,-0.22490453791959175
126,21,SPY,POST_OOS_EXPLORATORY — NOT VALIDATION — CANNOT RESCUE RSR_001,213,0.03341158059467919,0.03333333333333333,0.5352112676056338,0.07778444311137772,0.09138172365526895,88,-0.03257575757575757,0.025,0.5113636363636364,0.8064387122575485,0.753249350129974,30,0.036666666666666674,0.08333333333333334,0.6,0.27634473105378926,0.25574885022995403,30,-0.03833333333333334,-0.05,0.4666666666666667,0.7230553889222155,0.6668666266746651,28,-0.10059523809523807,-0.06666666666666667,0.4642857142857143,0.9388122375524895,0.8830233953209358,1,0.13726190476190475,MIXED,0.4667066586682663,0.5556888622275545,1.0,1.0,1.0,1.0,1.0,1.0,1.0,1.0,NON_MONOTONIC,NONDECREASING,5,0.05006505193806411,0.016600938967136148,0.03346411297092797,0.034030334783731915,0.02861597106427527,0.10265193535061999,0.3259959284413614,2.7668231611893592,-0.29204679231022496,-0.25326640623412455,-0.0527375942027936,0.015181818181818182,-0.06791941238461179,-0.06566423356527423,-0.0717773205017519,0.1312813094344474,-0.5173578225050073,2.5303030303030303,-0.619475312388169,-0.4617732355628448,0.011994429064340676,0.014666666666666665,-0.002672237602325991,-0.0026686703536438336,-0.0017245188724969163,0.12679480099094181,-0.021075293162192785,2.4444444444444438,-0.23996337004696022,-0.2133433242640992,0.013887555937682278,0.015600000000000003,-0.0017124440623177215,-0.0017109786665732054,-0.003894579076825555,0.1269897711680935,-0.013484897614714162,2.5999999999999996,-0.10421701764031349,-0.09897026314541857,-0.19347742285380448,0.015285714285714286,-0.20876313713951872,-0.18841255219703087,-0.20392443677279803,0.13576150797569247,-1.537719639773719,2.5476190476190474,-0.4957263272116842,-0.3908716798900953
126,21,SPY,POST_OOS_EXPLORATORY — NOT VALIDATION — CANNOT RESCUE RSR_001,213,0.03341158059467919,0.03333333333333333,0.5352112676056338,0.07778444311137772,0.09138172365526895,88,-0.03257575757575757,0.025,0.5113636363636364,0.8064387122575485,0.753249350129974,30,0.036666666666666674,0.08333333333333334,0.6,0.27634473105378926,0.25574885022995403,30,-0.03833333333333334,-0.05,0.4666666666666667,0.7230553889222155,0.6668666266746651,28,-0.10059523809523807,-0.06666666666666667,0.4642857142857143,0.9388122375524895,0.8830233953209358,1,0.13726190476190475,MIXED,0.4667066586682663,0.5556888622275545,1.0,1.0,1.0,1.0,1.0,1.0,1.0,1.0,NON_MONOTONIC,NONDECREASING,10,0.05006505193806411,0.033201877934272296,0.01686317400379181,0.017006159923959298,0.011707023046524823,0.10258910945325195,0.16437586887793446,2.7668231611893592,-0.34204679231022495,-0.28968503334673645,-0.0527375942027936,0.030363636363636363,-0.08310123056642996,-0.07974201573227407,-0.08586913270018603,0.1312731671779632,-0.6330404937497398,2.5303030303030303,-0.7208086457215023,-0.5136411950665573,0.011994429064340676,0.02933333333333333,-0.01733890426899265,-0.01718945050319752,-0.01624857904705035,0.12655626502094766,-0.13700549922299543,2.4444444444444438,-0.25796337004696024,-0.22737646724767868,0.013887555937682278,0.031200000000000006,-0.0173124440623177,-0.017163444788878744,-0.019359018612384427,0.1271370154579108,-0.1361715468934305,2.5999999999999996,-0.1082170176403135,-0.10256718345632254,-0.19347742285380448,0.030571428571428572,-0.224048851425233,-0.20072391236040715,-0.216256247947877,0.13581365844799673,-1.649678345945019,2.5476190476190474,-0.5213929938783508,-0.4063070389680895
126,21,SPY,POST_OOS_EXPLORATORY — NOT VALIDATION — CANNOT RESCUE RSR_001,213,0.03341158059467919,0.03333333333333333,0.5352112676056338,0.07778444311137772,0.09138172365526895,88,-0.03257575757575757,0.025,0.5113636363636364,0.8064387122575485,0.753249350129974,30,0.036666666666666674,0.08333333333333334,0.6,0.27634473105378926,0.25574885022995403,30,-0.03833333333333334,-0.05,0.4666666666666667,0.7230553889222155,0.6668666266746651,28,-0.10059523809523807,-0.06666666666666667,0.4642857142857143,0.9388122375524895,0.8830233953209358,1,0.13726190476190475,MIXED,0.4667066586682663,0.5556888622275545,1.0,1.0,1.0,1.0,1.0,1.0,1.0,1.0,NON_MONOTONIC,NONDECREASING,20,0.05006505193806411,0.06640375586854459,-0.01633870393048049,-0.016205951292767008,-0.021354897883631763,0.102522838507971,-0.15936648036925138,2.7668231611893592,-0.6256235600946595,-0.4650722351075719,-0.0527375942027936,0.06072727272727273,-0.11346486693006633,-0.10726443959889896,-0.1134724605318248,0.13130952444777436,-0.8641023368810892,2.5303030303030303,-0.923475312388169,-0.6028635332455025,0.011994429064340676,0.05866666666666666,-0.046672237602325986,-0.04559983718306378,-0.04472329577887513,0.12613106999803128,-0.3700296651971197,2.4444444444444438,-0.2939633700469602,-0.25469620861383346,0.013887555937682278,0.06240000000000001,-0.04851244406231773,-0.04735451554770144,-0.0496362039199546,0.12748369550159838,-0.380538420002968,2.5999999999999996,-0.11621701764031347,-0.10971800456655911,-0.19347742285380448,0.061142857142857145,-0.2546202799966616,-0.22478919487010304,-0.24040215736244197,0.1359746833820857,-1.8725565205486414,2.5476190476190474,-0.5733468641042344,-0.4363641342554928
126,21,EQUAL_WEIGHT_9,POST_OOS_EXPLORATORY — NOT VALIDATION — CANNOT RESCUE RSR_001,213,0.033568075117370894,0.03333333333333333,0.5258215962441315,0.07998400319936012,0.09098180363927215,88,-0.03920454545454545,0.041666666666666664,0.5227272727272727,0.8534293141371726,0.794241151769646,30,0.03222222222222223,0.08333333333333334,0.6333333333333333,0.30193961207758446,0.2819436112777445,30,-0.012222222222222216,0.05,0.5333333333333333,0.5750849830033993,0.5504899020195961,28,-0.14464285714285713,-0.10833333333333332,0.39285714285714285,0.9852029594081184,0.9522095580883824,1,0.17686507936507936,MIXED,0.4667066586682663,0.5556888622275545,1.0,1.0,1.0,1.0,1.0,1.0,1.0,1.0,NONINCREASING,NON_MONOTONIC,5,0.04556366378330659,0.016657276995305163,0.028906386788001427,0.029328231242837895,0.023659267349340762,0.1030254980798613,0.28057507439172324,2.7762128325508604,-0.29006575327015705,-0.251785631580422,-0.04324983941032145,0.015227272727272726,-0.058477112137594184,-0.056800172019497094,-0.06317905316950867,0.13414482568885266,-0.4359252161781562,2.5378787878787876,-0.5572738599068751,-0.4272316157234206,0.011068894471005973,0.014800000000000004,-0.0037311055289940198,-0.0037241536035698677,-0.0026514969382975817,0.11985121518293525,-0.03113114475559581,2.4666666666666663,-0.26906763095398867,-0.235908422341629,0.039079605774896574,0.015999999999999993,0.023079605774896587,0.023348000715370566,0.01919889868569613,0.13548590123619922,0.1703469184934658,2.666666666666666,-0.09228594547905007,-0.088155625513339,-0.18965860269590584,0.014857142857142857,-0.20451574555304874,-0.1849580914691331,-0.1995996479397345,0.14178280332137885,-1.4424580468300745,2.476190476190476,-0.4860455138699919,-0.38494618680281867
126,21,EQUAL_WEIGHT_9,POST_OOS_EXPLORATORY — NOT VALIDATION — CANNOT RESCUE RSR_001,213,0.033568075117370894,0.03333333333333333,0.5258215962441315,0.07998400319936012,0.09098180363927215,88,-0.03920454545454545,0.041666666666666664,0.5227272727272727,0.8534293141371726,0.794241151769646,30,0.03222222222222223,0.08333333333333334,0.6333333333333333,0.30193961207758446,0.2819436112777445,30,-0.012222222222222216,0.05,0.5333333333333333,0.5750849830033993,0.5504899020195961,28,-0.14464285714285713,-0.10833333333333332,0.39285714285714285,0.9852029594081184,0.9522095580883824,1,0.17686507936507936,MIXED,0.4667066586682663,0.5556888622275545,1.0,1.0,1.0,1.0,1.0,1.0,1.0,1.0,NONINCREASING,NON_MONOTONIC,10,0.04556366378330659,0.03331455399061033,0.012249109792696252,0.012324437389180027,0.006765563124652818,0.10299481860250242,0.11892937876778434,2.7762128325508604,-0.35998899186571665,-0.30231599377201324,-0.04324983941032145,0.030454545454545453,-0.0737043848648669,-0.07105373616892083,-0.07743852687962549,0.13418218839576165,-0.5492859055739991,2.5378787878787876,-0.6586071932402083,-0.4824282899202744,0.011068894471005973,0.029600000000000008,-0.01853110552899402,-0.018360460300271848,-0.017288463985813074,0.11954371161231507,-0.15501531012430936,2.4666666666666663,-0.28640096428732204,-0.24903855314944778,0.039079605774896574,0.03199999999999999,0.00707960577489658,0.007104725427951625,0.002969791171951064,0.1358733283440479,0.05210445538634449,2.666666666666666,-0.10228594547905007,-0.0972286286343671,-0.18965860269590584,0.029714285714285714,-0.2193728884101916,-0.19697777536242736,-0.21164763828448008,0.14183586661720443,-1.5466672403973034,2.476190476190476,-0.5153788472033253,-0.4027257239382359
126,21,EQUAL_WEIGHT_9,POST_OOS_EXPLORATORY — NOT VALIDATION — CANNOT RESCUE RSR_001,213,0.033568075117370894,0.03333333333333333,0.5258215962441315,0.07998400319936012,0.09098180363927215,88,-0.03920454545454545,0.041666666666666664,0.5227272727272727,0.8534293141371726,0.794241151769646,30,0.03222222222222223,0.08333333333333334,0.6333333333333333,0.30193961207758446,0.2819436112777445,30,-0.012222222222222216,0.05,0.5333333333333333,0.5750849830033993,0.5504899020195961,28,-0.14464285714285713,-0.10833333333333332,0.39285714285714285,0.9852029594081184,0.9522095580883824,1,0.17686507936507936,MIXED,0.4667066586682663,0.5556888622275545,1.0,1.0,1.0,1.0,1.0,1.0,1.0,1.0,NONINCREASING,NON_MONOTONIC,20,0.04556366378330659,0.06662910798122065,-0.021065444197914077,-0.020845117533335133,-0.026263246078625624,0.10298936979763375,-0.20453998543059412,2.7762128325508604,-0.7112981410030497,-0.508993611957823,-0.04324983941032145,0.060909090909090906,-0.10415893031941237,-0.09891792322182413,-0.10536900574093633,0.13431088244134168,-0.7755062614892897,2.5378787878787876,-0.8612738599068752,-0.577376623702178,0.011068894471005973,0.059200000000000016,-0.048131105528994016,-0.04699116584066392,-0.04597978482453946,0.11898696139787528,-0.40450739277264613,2.4666666666666663,-0.32106763095398866,-0.27462580841738293,0.039079605774896574,0.06399999999999997,-0.024920394225103414,-0.024612444579965816,-0.028787749167888066,0.13670140260494826,-0.18229801414050273,2.666666666666666,-0.13251595162267998,-0.12411103785546795,-0.18965860269590584,0.05942857142857143,-0.2490871741244773,-0.22048798285488358,-0.23525193348623474,0.14199172549117148,-1.7542372505358745,2.476190476190476,-0.5740455138699919,-0.43675778079452465
126,42,SPY,POST_OOS_EXPLORATORY — NOT VALIDATION — CANNOT RESCUE RSR_001,213,0.07503912363067292,0.15,0.6009389671361502,0.0011997600479904018,0.0023995200959808036,88,0.0240530303030303,0.008333333333333333,0.5,0.264747050589882,0.2615476904619076,30,0.049999999999999996,-0.058333333333333334,0.4666666666666667,0.21635672865426914,0.20295940811837632,30,0.02222222222222223,0.025,0.5333333333333333,0.3683263347330534,0.33653269346130776,28,-0.0017857142857142952,0.008333333333333333,0.5,0.5106978604279144,0.5340931813637273,2,0.05178571428571429,MIXED,0.01919616076784643,0.03839232153569286,1.0,1.0,1.0,1.0,1.0,1.0,1.0,1.0,NONINCREASING,NONDECREASING,5,0.05887540146985765,0.011924882629107979,0.046950518840749675,0.0480701480706926,0.043267833996309735,0.11196098095313319,0.41934715506291553,1.9874804381846638,-0.3545737479506823,-0.29852761646689596,0.022105124112398244,0.012272727272727272,0.009832396839670965,0.009880893669849733,0.00430285599281266,0.12075836477924137,0.08142207670371814,2.0454545454545454,-0.2885852754038186,-0.25067709639026925,0.027322149428908038,0.011866666666666664,0.015455482762241363,0.015575536434352603,0.017792449568605484,0.11750124651616622,0.13153462810383842,1.9777777777777779,-0.2885852754038186,-0.25067709639026925,0.08761851798265341,0.012666666666666666,0.07495185131598672,0.07783225343065475,0.07243176517600647,0.11801186324384605,0.6351213281084708,2.111111111111111,-0.07548440974440032,-0.07270581282529875,-0.05367746787342137,0.012285714285714285,-0.06596318215913567,-0.06383466875669601,-0.07718374669752892,0.12770516027839285,-0.5165271474961404,2.0476190476190474,-0.20187356019746566,-0.1828017522046892
126,42,SPY,POST_OOS_EXPLORATORY — NOT VALIDATION — CANNOT RESCUE RSR_001,213,0.07503912363067292,0.15,0.6009389671361502,0.0011997600479904018,0.0023995200959808036,88,0.0240530303030303,0.008333333333333333,0.5,0.264747050589882,0.2615476904619076,30,0.049999999999999996,-0.058333333333333334,0.4666666666666667,0.21635672865426914,0.20295940811837632,30,0.02222222222222223,0.025,0.5333333333333333,0.3683263347330534,0.33653269346130776,28,-0.0017857142857142952,0.008333333333333333,0.5,0.5106978604279144,0.5340931813637273,2,0.05178571428571429,MIXED,0.01919616076784643,0.03839232153569286,1.0,1.0,1.0,1.0,1.0,1.0,1.0,1.0,NONINCREASING,NONDECREASING,10,0.05887540146985765,0.023849765258215957,0.035025636211641696,0.035646258505973846,0.030920241694075035,0.1120599838385835,0.3125614961902393,1.9874804381846638,-0.4178606157417427,-0.34154599984868084,0.022105124112398244,0.024545454545454544,-0.002440330433056303,-0.002437355247382517,-0.007981780075630773,0.12095042995618824,-0.020176285722508482,2.0454545454545454,-0.2992519420704853,-0.25862739704479665,0.027322149428908038,0.02373333333333333,0.0035888160955746926,0.003595263606728633,0.0057985695596243225,0.11744749718568469,0.03055676946355671,1.9777777777777779,-0.2992519420704853,-0.25862739704479665,0.08761851798265341,0.025333333333333333,0.06228518464932006,0.06426581372649787,0.058966989215637255,0.11822401376299685,0.5268403826500333,2.111111111111111,-0.07881774307773366,-0.0757916475341125,-0.05367746787342137,0.02457142857142857,-0.07824889644484993,-0.07526576516570267,-0.08859450383515,0.1281485764535922,-0.6106107349010391,2.0476190476190474,-0.21789730913124297,-0.1957919777531828
126,42,SPY,POST_OOS_EXPLORATORY — NOT VALIDATION — CANNOT RESCUE RSR_001,213,0.07503912363067292,0.15,0.6009389671361502,0.0011997600479904018,0.0023995200959808036,88,0.0240530303030303,0.008333333333333333,0.5,0.264747050589882,0.2615476904619076,30,0.049999999999999996,-0.058333333333333334,0.4666666666666667,0.21635672865426914,0.20295940811837632,30,0.02222222222222223,0.025,0.5333333333333333,0.3683263347330534,0.33653269346130776,28,-0.0017857142857142952,0.008333333333333333,0.5,0.5106978604279144,0.5340931813637273,2,0.05178571428571429,MIXED,0.01919616076784643,0.03839232153569286,1.0,1.0,1.0,1.0,1.0,1.0,1.0,1.0,NONINCREASING,NONDECREASING,20,0.05887540146985765,0.047699530516431915,0.011175870953425739,0.011238554295217404,0.006619071679402566,0.1123182064172042,0.09950186447879289,1.9874804381846638,-0.6335194588073582,-0.4692793392659066,0.022105124112398244,0.04909090909090909,-0.02698578497851086,-0.026624922026355767,-0.032145013998711836,0.12138425932950841,-0.22231700491952203,2.0454545454545454,-0.39448071146329966,-0.32597003558114523,0.027322149428908038,0.04746666666666666,-0.020144517237758633,-0.019942972062620384,-0.017807906786251992,0.11739747001454294,-0.17159243069942798,1.9777777777777779,-0.32058527540381865,-0.27427583575127945,0.08761851798265341,0.050666666666666665,0.036951851315986745,0.03764305848761434,0.03249476205455459,0.11869851080016688,0.3113084660193967,2.111111111111111,-0.08548440974440033,-0.08193254415111706,-0.05367746787342137,0.04914285714285714,-0.1028203250162785,-0.0977109223066088,-0.11103453221076065,0.12907659176471933,-0.7965838236858568,2.0476190476190474,-0.2592306424645764,-0.22835497159319817
126,42,EQUAL_WEIGHT_9,POST_OOS_EXPLORATORY — NOT VALIDATION — CANNOT RESCUE RSR_001,213,0.06885758998435054,0.13333333333333333,0.596244131455399,0.002999400119976005,0.004799040191961607,88,0.021590909090909095,-0.016666666666666666,0.48863636363636365,0.28854229154169164,0.3041391721655669,30,0.05888888888888887,-0.058333333333333334,0.4666666666666667,0.1809638072385523,0.16716656668666266,30,0.016111111111111125,0.09166666666666666,0.5333333333333333,0.40311937612477505,0.370125974805039,28,-0.012499999999999997,-0.024999999999999998,0.4642857142857143,0.5760847830433913,0.5676864627074585,2,0.07138888888888886,MIXED,0.04199160167966407,0.07198560287942411,1.0,1.0,1.0,1.0,1.0,1.0,1.0,1.0,NONINCREASING,NON_MONOTONIC,5,0.06963916513380136,0.012018779342723005,0.057620385791078366,0.05931278918699423,0.054466995039670785,0.11163472617589278,0.5161510917336879,2.0031298904538337,-0.30361706922559817,-0.26185652981103724,0.01964276130566167,0.011954545454545454,0.0076882158511162035,0.007717846068430033,0.000302653852009227,0.12976182996777394,0.059248670067504096,1.9924242424242422,-0.32676272501268167,-0.2787451415375073,0.038479073994065215,0.011866666666666664,0.02661240732739855,0.026969679690848593,0.028133341161413306,0.12238781648345504,0.21744327247635914,1.9777777777777776,-0.32676272501268167,-0.2787451415375073,0.048238854231250794,0.011866666666666664,0.03637218756458413,0.0370417487152909,0.025437977099818543,0.13480381605869715,0.2698157116616544,1.9777777777777779,-0.09606244754956877,-0.09159271351163856,-0.031177673280759058,0.012142857142857143,-0.04332053042361623,-0.04239560047408189,-0.05416739785917357,0.13533492911356082,-0.3200986671169389,2.023809523809524,-0.17678877416546196,-0.16204323605220583
126,42,EQUAL_WEIGHT_9,POST_OOS_EXPLORATORY — NOT VALIDATION — CANNOT RESCUE RSR_001,213,0.06885758998435054,0.13333333333333333,0.596244131455399,0.002999400119976005,0.004799040191961607,88,0.021590909090909095,-0.016666666666666666,0.48863636363636365,0.28854229154169164,0.3041391721655669,30,0.05888888888888887,-0.058333333333333334,0.4666666666666667,0.1809638072385523,0.16716656668666266,30,0.016111111111111125,0.09166666666666666,0.5333333333333333,0.40311937612477505,0.370125974805039,28,-0.012499999999999997,-0.024999999999999998,0.4642857142857143,0.5760847830433913,0.5676864627074585,2,0.07138888888888886,MIXED,0.04199160167966407,0.07198560287942411,1.0,1.0,1.0,1.0,1.0,1.0,1.0,1.0,NONINCREASING,NON_MONOTONIC,10,0.06963916513380136,0.02403755868544601,0.04560160644835536,0.04665734634696174,0.041898741542161666,0.11175084952874872,0.40806496452292307,2.0031298904538337,-0.37939755579492046,-0.3157264783196668,0.01964276130566167,0.023909090909090908,-0.004266329603429238,-0.0042572417478093484,-0.01162233932908363,0.12992770196128084,-0.03283618149962067,1.9924242424242422,-0.3370960583460151,-0.28615973370606007,0.038479073994065215,0.02373333333333333,0.014745740660731883,0.014854995448265653,0.016050045370238353,0.12214766214793253,0.12072061307954775,1.9777777777777776,-0.3370960583460151,-0.28615973370606007,0.048238854231250794,0.02373333333333333,0.024505520897917455,0.024808248953307854,0.013303990557630208,0.13512235415597404,0.1813580073481425,1.9777777777777779,-0.10672911421623546,-0.10123089620905079,-0.031177673280759058,0.024285714285714285,-0.05546338756647336,-0.05395333989317508,-0.06570355765837677,0.13572997845034135,-0.40863034238795953,2.023809523809524,-0.19645544083212857,-0.17836205801743688
126,42,EQUAL_WEIGHT_9,POST_OOS_EXPLORATORY — NOT VALIDATION — CANNOT RESCUE RSR_001,213,0.06885758998435054,0.13333333333333333,0.596244131455399,0.002999400119976005,0.004799040191961607,88,0.021590909090909095,-0.016666666666666666,0.48863636363636365,0.28854229154169164,0.3041391721655669,30,0.05888888888888887,-0.058333333333333334,0.4666666666666667,0.1809638072385523,0.16716656668666266,30,0.016111111111111125,0.09166666666666666,0.5333333333333333,0.40311937612477505,0.370125974805039,28,-0.012499999999999997,-0.024999999999999998,0.4642857142857143,0.5760847830433913,0.5676864627074585,2,0.07138888888888886,MIXED,0.04199160167966407,0.07198560287942411,1.0,1.0,1.0,1.0,1.0,1.0,1.0,1.0,NONINCREASING,NON_MONOTONIC,20,0.06963916513380136,0.04807511737089202,0.021564047762909353,0.021798232132572155,0.01716607702105888,0.11204455280779237,0.19245958167999075,2.0031298904538337,-0.5572368576008341,-0.42721042158026135,0.01964276130566167,0.047818181818181815,-0.02817542051252015,-0.027782195103960218,-0.03508845678083483,0.13030503869661658,-0.2162266386192458,1.9924242424242422,-0.43537937502602725,-0.35298084239885796,0.038479073994065215,0.04746666666666666,-0.008987592672601448,-0.008947324988390145,-0.007733111543361759,0.12171916520942684,-0.07383876365843972,1.9777777777777776,-0.3577627250126817,-0.30076103275820687,0.048238854231250794,0.04746666666666666,0.0007721875645841419,0.0007724857781555887,-0.010576287256810701,0.13580083579840932,0.005686176819488962,1.9777777777777779,-0.12932979943035353,-0.12131587177083125,-0.031177673280759058,0.04857142857142857,-0.07974910185218764,-0.07665201637437852,-0.08839588538015641,0.13656109489961954,-0.5839811251572634,2.023809523809524,-0.23578877416546185,-0.21005248636543628
252,10,SPY,POST_OOS_EXPLORATORY — NOT VALIDATION — CANNOT RESCUE RSR_001,213,0.0405320813771518,0.08333333333333334,0.5586854460093896,0.047590481903619274,0.049590081983603276,88,-0.05757575757575757,-0.07500000000000001,0.42045454545454547,0.9344131173765247,0.8812237552489502,30,-0.10388888888888889,-0.13333333333333333,0.4,0.9428114377124575,0.8034393121375725,30,-0.0588888888888889,-0.05,0.43333333333333335,0.829634073185363,0.7618476304739052,28,-0.006547619047619024,-0.03333333333333333,0.42857142857142855,0.5410917816436712,0.521495700859828,0,0.09734126984126987,ALL_NONPOSITIVE,0.4559088182363527,0.47990401919616077,1.0,1.0,1.0,1.0,1.0,1.0,1.0,1.0,NON_MONOTONIC,NONDECREASING,5,0.03958773349704796,0.016413145539906103,0.023174587957141845,0.023445205157946798,0.017962429595743012,0.10723959306908595,0.2161010434104529,2.735524256651017,-0.3352582988260579,-0.28484666077436926,-0.08241465201290471,0.015,-0.09741465201290472,-0.09282023578136986,-0.10439623221661698,0.15394385943496441,-0.6327933596731659,2.5,-0.8065158558186097,-0.5535892808714615,-0.16331312171059348,0.014666666666666666,-0.17797978837726014,-0.1630406603757627,-0.17767540899604617,0.16212833892820533,-1.0977709976790315,2.4444444444444446,-0.48043814164980864,-0.3814876635853549,-0.022167362035700022,0.014799999999999997,-0.03696736203570003,-0.03629241171036711,-0.041829185142121195,0.1588515788614788,-0.23271636517970137,2.466666666666667,-0.2605111194708147,-0.2293424129761391,-0.06028838802667179,0.015571428571428573,-0.07585981659810034,-0.0730538600848094,-0.08711771910348298,0.14158874327170723,-0.535775760453825,2.595238095238095,-0.19425209379727934,-0.17654970861011032
252,10,SPY,POST_OOS_EXPLORATORY — NOT VALIDATION — CANNOT RESCUE RSR_001,213,0.0405320813771518,0.08333333333333334,0.5586854460093896,0.047590481903619274,0.049590081983603276,88,-0.05757575757575757,-0.07500000000000001,0.42045454545454547,0.9344131173765247,0.8812237552489502,30,-0.10388888888888889,-0.13333333333333333,0.4,0.9428114377124575,0.8034393121375725,30,-0.0588888888888889,-0.05,0.43333333333333335,0.829634073185363,0.7618476304739052,28,-0.006547619047619024,-0.03333333333333333,0.42857142857142855,0.5410917816436712,0.521495700859828,0,0.09734126984126987,ALL_NONPOSITIVE,0.4559088182363527,0.47990401919616077,1.0,1.0,1.0,1.0,1.0,1.0,1.0,1.0,NON_MONOTONIC,NONDECREASING,10,0.03958773349704796,0.032826291079812206,0.006761442417235744,0.006784352575147206,0.0013803415796713736,0.10739181311610013,0.06296050156007722,2.735524256651017,-0.4411647801511782,-0.35671330304012006,-0.08241465201290471,0.03,-0.11241465201290471,-0.10632638290193618,-0.11788689007067377,0.15405988279795477,-0.7296815366290612,2.5,-0.8985158558186095,-0.5928264842707329,-0.16331312171059348,0.029333333333333333,-0.19264645504392683,-0.17522648288382395,-0.1898643340082391,0.16214828340208334,-1.188088156112121,2.4444444444444446,-0.5041048083164753,-0.39595392951362984,-0.022167362035700022,0.029599999999999994,-0.051767362035700024,-0.05045025753104503,-0.05601354071028242,0.15911874101238305,-0.32533793132306993,2.466666666666667,-0.28117778613748134,-0.245105886159519,-0.06028838802667179,0.031142857142857146,-0.09143124516952889,-0.0873759386924107,-0.1013577870832002,0.1416656365876147,-0.645401717536364,2.595238095238095,-0.22258542713061277,-0.19955337602889656
252,10,SPY,POST_OOS_EXPLORATORY — NOT VALIDATION — CANNOT RESCUE RSR_001,213,0.0405320813771518,0.08333333333333334,0.5586854460093896,0.047590481903619274,0.049590081983603276,88,-0.05757575757575757,-0.07500000000000001,0.42045454545454547,0.9344131173765247,0.8812237552489502,30,-0.10388888888888889,-0.13333333333333333,0.4,0.9428114377124575,0.8034393121375725,30,-0.0588888888888889,-0.05,0.43333333333333335,0.829634073185363,0.7618476304739052,28,-0.006547619047619024,-0.03333333333333333,0.42857142857142855,0.5410917816436712,0.521495700859828,0,0.09734126984126987,ALL_NONPOSITIVE,0.4559088182363527,0.47990401919616077,1.0,1.0,1.0,1.0,1.0,1.0,1.0,1.0,NON_MONOTONIC,NONDECREASING,20,0.03958773349704796,0.06565258215962441,-0.02606484866257646,-0.025728092670047834,-0.031049549443999847,0.10775300929832535,-0.24189439192749812,2.735524256651017,-0.8291194628223386,-0.5635665869764638,-0.08241465201290471,0.06,-0.1424146520129047,-0.13273842983704426,-0.14431787481390324,0.15434187053605414,-0.922722081300918,2.5,-1.1012136322719122,-0.6675326543471667,-0.16331312171059348,0.058666666666666666,-0.22197978837726015,-0.19906844770255835,-0.2137543536269182,0.16224655124909318,-1.3681633703046174,2.4444444444444446,-0.5619583716136716,-0.4299084811259515,-0.022167362035700022,0.05919999999999999,-0.08136736203570001,-0.07814502528754733,-0.08381363647345785,0.15970035705974805,-0.5095001885641268,2.466666666666667,-0.3225111194708147,-0.2756721223805588,-0.06028838802667179,0.06228571428571429,-0.12257410231238604,-0.11535965138088673,-0.12923448803887705,0.14186387429308778,-0.8640261865339341,2.595238095238095,-0.2905506391498,-0.2521483422188745
252,10,EQUAL_WEIGHT_9,POST_OOS_EXPLORATORY — NOT VALIDATION — CANNOT RESCUE RSR_001,213,0.038810641627543045,0.06666666666666667,0.5352112676056338,0.05698860227954409,0.0597880423915217,88,-0.045454545454545456,-0.058333333333333334,0.4318181818181818,0.8918216356728654,0.8194361127774445,30,-0.10000000000000002,-0.15000000000000002,0.4,0.9360127974405119,0.7978404319136173,30,-0.041111111111111105,-0.041666666666666664,0.43333333333333335,0.7426514697060588,0.669866026794641,28,0.00833333333333335,-0.03333333333333333,0.4642857142857143,0.4501099780043991,0.46650669866026795,1,0.10833333333333336,MIXED,0.4559088182363527,0.47990401919616077,1.0,1.0,1.0,1.0,1.0,1.0,1.0,1.0,NONINCREASING,NON_MONOTONIC,5,0.03935018372035365,0.016206572769953048,0.023143610950400587,0.023413502379958432,0.01743148536849959,0.10996884877605255,0.21045606285768878,2.7010954616588414,-0.40121636140226596,-0.33049480971551426,-0.07512831404054102,0.015636363636363636,-0.09076467767690465,-0.08676741037008874,-0.09772325269445903,0.15034883061202117,-0.6036939383394682,2.606060606060606,-0.8027747387645232,-0.551916078245068,-0.15919263486622434,0.014799999999999999,-0.17399263486622432,-0.1596969134197149,-0.17445209327189048,0.15860104309042047,-1.0970459681468103,2.4666666666666663,-0.48510004005811747,-0.3843643945382119,-0.01689051127182775,0.016,-0.03289051127182775,-0.03235550004508885,-0.036360368766179985,0.14924162733907997,-0.22038429798879003,2.6666666666666665,-0.2458123041706519,-0.21793099775971558,-0.047457044693787316,0.01614285714285714,-0.06359990183664446,-0.06161963130449062,-0.07513517532978675,0.1445054386360509,-0.44012116386031785,2.6904761904761902,-0.19297683483947986,-0.17549892638239462
252,10,EQUAL_WEIGHT_9,POST_OOS_EXPLORATORY — NOT VALIDATION — CANNOT RESCUE RSR_001,213,0.038810641627543045,0.06666666666666667,0.5352112676056338,0.05698860227954409,0.0597880423915217,88,-0.045454545454545456,-0.058333333333333334,0.4318181818181818,0.8918216356728654,0.8194361127774445,30,-0.10000000000000002,-0.15000000000000002,0.4,0.9360127974405119,0.7978404319136173,30,-0.041111111111111105,-0.041666666666666664,0.43333333333333335,0.7426514697060588,0.669866026794641,28,0.00833333333333335,-0.03333333333333333,0.4642857142857143,0.4501099780043991,0.46650669866026795,1,0.10833333333333336,MIXED,0.4559088182363527,0.47990401919616077,1.0,1.0,1.0,1.0,1.0,1.0,1.0,1.0,NONINCREASING,NON_MONOTONIC,10,0.03935018372035365,0.032413145539906096,0.006937038180447538,0.006961155164365834,0.0010642916874565866,0.110114750281476,0.06299826465314627,2.7010954616588414,-0.49695296978221426,-0.3916184045427038,-0.07512831404054102,0.03127272727272727,-0.10640104131326826,-0.10093598604670156,-0.1118831195055674,0.1505059034328473,-0.706955932534183,2.606060606060606,-0.8994414054311901,-0.5932031692132775,-0.15919263486622434,0.029599999999999998,-0.18879263486622438,-0.1720418214468042,-0.18680505298291705,0.15868578073592657,-1.1897262249375669,2.4666666666666663,-0.5091000400581174,-0.39896375596949785,-0.01689051127182775,0.032,-0.04889051127182774,-0.04771461149313682,-0.05175694730949698,0.14947704205485177,-0.32707705878931553,2.6666666666666665,-0.2668123041706519,-0.2341832014043984,-0.047457044693787316,0.03228571428571428,-0.07974275897950162,-0.07664615967709935,-0.0900911604404061,0.1447368251070437,-0.5509500358359104,2.6904761904761902,-0.22431016817281313,-0.20093274930056437
252,10,EQUAL_WEIGHT_9,POST_OOS_EXPLORATORY — NOT VALIDATION — CANNOT RESCUE RSR_001,213,0.038810641627543045,0.06666666666666667,0.5352112676056338,0.05698860227954409,0.0597880423915217,88,-0.045454545454545456,-0.058333333333333334,0.4318181818181818,0.8918216356728654,0.8194361127774445,30,-0.10000000000000002,-0.15000000000000002,0.4,0.9360127974405119,0.7978404319136173,30,-0.041111111111111105,-0.041666666666666664,0.43333333333333335,0.7426514697060588,0.669866026794641,28,0.00833333333333335,-0.03333333333333333,0.4642857142857143,0.4501099780043991,0.46650669866026795,1,0.10833333333333336,MIXED,0.4559088182363527,0.47990401919616077,1.0,1.0,1.0,1.0,1.0,1.0,1.0,1.0,NONINCREASING,NON_MONOTONIC,20,0.03935018372035365,0.06482629107981219,-0.025476107359458572,-0.025154329675321618,-0.03095447116436645,0.11046174664669875,-0.23063284922464106,2.7010954616588414,-0.8443719652739661,-0.5701727801191012,-0.07512831404054102,0.06254545454545454,-0.13767376858599553,-0.1286170821370327,-0.13959902803876278,0.15085896167925733,-0.9125992055991015,2.606060606060606,-1.1032949687283864,-0.6682239111357422,-0.15919263486622434,0.059199999999999996,-0.21839263486622434,-0.1961902240439194,-0.21101037826376945,0.15890399717771622,-1.374368415805027,2.4666666666666663,-0.5676202700219803,-0.43312716087193437,-0.01689051127182775,0.064,-0.08089051127182775,-0.07770533321325716,-0.08188100517877095,0.14998355285006668,-0.5393292113348667,2.6666666666666665,-0.3088123041706519,-0.26568141437191284,-0.047457044693787316,0.06457142857142856,-0.11202847326521588,-0.10598119849649189,-0.1193444144720146,0.14523008172751448,-0.7713861476399045,2.6904761904761902,-0.28697683483947983,-0.2494708852368881
252,21,SPY,POST_OOS_EXPLORATORY — NOT VALIDATION — CANNOT RESCUE RSR_001,213,0.06111111111111111,0.09999999999999999,0.5446009389671361,0.005198960207958408,0.009398120375924815,88,-0.05303030303030303,-0.016666666666666666,0.48863636363636365,0.9220155968806238,0.877624475104979,30,-0.02333333333333333,0.008333333333333333,0.5,0.642871425714857,0.5722855428914218,30,-0.042222222222222223,-0.06666666666666667,0.5,0.7420515896820636,0.7026594681063787,28,-0.0964285714285714,-0.058333333333333334,0.4642857142857143,0.9294141171765646,0.8718256348730254,0,0.07309523809523807,ALL_NONPOSITIVE,0.05718856228754249,0.10797840431913616,1.0,1.0,1.0,1.0,1.0,1.0,1.0,1.0,NON_MONOTONIC,NONDECREASING,5,0.05534267584392658,0.016507042253521127,0.03883563359040546,0.03959959435357267,0.032712213862497785,0.1080742452308448,0.35934216803876995,2.751173708920188,-0.2767951692916584,-0.24179021414647828,-0.05728936418838769,0.01490909090909091,-0.07219845509747862,-0.069653754465429,-0.07588646587912462,0.1303783760627338,-0.5537609631120047,2.4848484848484844,-0.6568895621989024,-0.4815385287630001,-0.04884785365376888,0.014000000000000002,-0.06284785365376887,-0.06091365862390471,-0.05996313946182008,0.11648885184756304,-0.5395181827013917,2.333333333333333,-0.358230431126088,-0.30108799463092417,0.04441516094165478,0.015866666666666664,0.028548494274988106,0.028959908289387996,0.027177527032552273,0.12736724373585395,0.2241431425979087,2.6444444444444444,-0.0987919540599822,-0.09406883628030505,-0.1753029738290962,0.014857142857142859,-0.19016011668623906,-0.17317326541286387,-0.1898310048091454,0.14360951288522436,-1.3241470767902324,2.476190476190476,-0.4674611121123242,-0.37340890495553425
252,21,SPY,POST_OOS_EXPLORATORY — NOT VALIDATION — CANNOT RESCUE RSR_001,213,0.06111111111111111,0.09999999999999999,0.5446009389671361,0.005198960207958408,0.009398120375924815,88,-0.05303030303030303,-0.016666666666666666,0.48863636363636365,0.9220155968806238,0.877624475104979,30,-0.02333333333333333,0.008333333333333333,0.5,0.642871425714857,0.5722855428914218,30,-0.042222222222222223,-0.06666666666666667,0.5,0.7420515896820636,0.7026594681063787,28,-0.0964285714285714,-0.058333333333333334,0.4642857142857143,0.9294141171765646,0.8718256348730254,0,0.07309523809523807,ALL_NONPOSITIVE,0.05718856228754249,0.10797840431913616,1.0,1.0,1.0,1.0,1.0,1.0,1.0,1.0,NON_MONOTONIC,NONDECREASING,10,0.05534267584392658,0.033014084507042255,0.022328591336884328,0.022579740115233473,0.01583201060477668,0.10805440898808448,0.20664211248748374,2.751173708920188,-0.31779516929165835,-0.2722481609263073,-0.05728936418838769,0.02981818181818182,-0.08710754600656952,-0.0834214840267774,-0.08966457362843128,0.13031622782684024,-0.6684320706575013,2.4848484848484844,-0.7552228955322358,-0.5300941368608243,-0.04884785365376888,0.028000000000000004,-0.0768478536537689,-0.07396926491823684,-0.0731021597683319,0.11636677390596452,-0.6603934359808695,2.333333333333333,-0.37623043112608795,-0.31355586327909835,0.04441516094165478,0.03173333333333333,0.012681827608321442,0.012762582998299821,0.011025091933950737,0.12733613633407734,0.09959331242036096,2.6444444444444444,-0.10245862072664885,-0.09738450144636723,-0.1753029738290962,0.029714285714285717,-0.20501725954338196,-0.18536674390794636,-0.20201102614388744,0.1436235272969516,-1.4274629192158368,2.476190476190476,-0.4936817826629554,-0.38962501590798526
252,21,SPY,POST_OOS_EXPLORATORY — NOT VALIDATION — CANNOT RESCUE RSR_001,213,0.06111111111111111,0.09999999999999999,0.5446009389671361,0.005198960207958408,0.009398120375924815,88,-0.05303030303030303,-0.016666666666666666,0.48863636363636365,0.9220155968806238,0.877624475104979,30,-0.02333333333333333,0.008333333333333333,0.5,0.642871425714857,0.5722855428914218,30,-0.042222222222222223,-0.06666666666666667,0.5,0.7420515896820636,0.7026594681063787,28,-0.0964285714285714,-0.058333333333333334,0.4642857142857143,0.9294141171765646,0.8718256348730254,0,0.07309523809523807,ALL_NONPOSITIVE,0.05718856228754249,0.10797840431913616,1.0,1.0,1.0,1.0,1.0,1.0,1.0,1.0,NON_MONOTONIC,NONDECREASING,20,0.05534267584392658,0.06602816901408451,-0.01068549317015793,-0.010628606090478152,-0.017177338050488156,0.10806390010344873,-0.09888124674316577,2.751173708920188,-0.46065090807004216,-0.36912712840988826,-0.05728936418838769,0.05963636363636364,-0.11692572782475133,-0.11034873295552834,-0.11666482748049556,0.1302552009822934,-0.8976664804397787,2.4848484848484844,-0.9518895621989025,-0.6139890577800057,-0.04884785365376888,0.05600000000000001,-0.10484785365376884,-0.09953848590608616,-0.09888247644558634,0.11618101467422465,-0.9024525560201522,2.333333333333333,-0.412230431126088,-0.33782832649378036,0.04441516094165478,0.06346666666666666,-0.019051505725011894,-0.01887117281017957,-0.02059245856987002,0.12734861830067754,-0.14960119692881296,2.6444444444444444,-0.11942157878115917,-0.1125664012852351,-0.1753029738290962,0.059428571428571435,-0.2347315452576676,-0.2092168893875728,-0.22587569458460877,0.14371106055725938,-1.6333575463674388,2.476190476190476,-0.550348449329622,-0.42325119237249487
252,21,EQUAL_WEIGHT_9,POST_OOS_EXPLORATORY — NOT VALIDATION — CANNOT RESCUE RSR_001,213,0.06533646322378717,0.11666666666666665,0.5633802816901409,0.002999400119976005,0.007398520295940812,88,-0.0509469696969697,0.016666666666666666,0.5,0.9090181963607279,0.8634273145370925,30,0.00722222222222223,0.08333333333333333,0.5333333333333333,0.4549090181963607,0.40051989602079585,30,-0.056111111111111105,0.058333333333333334,0.5333333333333333,0.8034393121375725,0.7490501899620076,28,-0.10773809523809523,-0.016666666666666666,0.42857142857142855,0.9508098380323935,0.8920215956808638,1,0.11496031746031746,MIXED,0.04199160167966407,0.10357928414317137,1.0,1.0,1.0,1.0,1.0,1.0,1.0,1.0,NONINCREASING,NON_MONOTONIC,5,0.05645465997813425,0.016469483568075118,0.03998517641005913,0.04079534575461826,0.03465300731760923,0.10729230614335501,0.37267515115794303,2.744913928012519,-0.23668319174908434,-0.2107587134337353,-0.084414736536702,0.015,-0.09941473653670199,-0.0946328586843191,-0.10211049071954514,0.12497528232611972,-0.7954751906643575,2.5,-0.8464950806727186,-0.5710843848449871,-0.04521845208111488,0.014133333333333335,-0.0593517854144482,-0.05762480300984579,-0.05774894750866444,0.10706705274271947,-0.5543421985946476,2.3555555555555547,-0.3603756198064082,-0.30258568576400524,-0.031187495466368904,0.015733333333333335,-0.046920828799702226,-0.045837063174946166,-0.050229683483147824,0.11535754647571274,-0.40674260361094705,2.6222222222222222,-0.16278614379860648,-0.15022710181192955,-0.18343994245733086,0.015142857142857138,-0.19858279960018804,-0.18010811879013097,-0.19713054046975764,0.1498935801080566,-1.3248252490669177,2.5238095238095233,-0.4743415937181318,-0.3777053556843929
252,21,EQUAL_WEIGHT_9,POST_OOS_EXPLORATORY — NOT VALIDATION — CANNOT RESCUE RSR_001,213,0.06533646322378717,0.11666666666666665,0.5633802816901409,0.002999400119976005,0.007398520295940812,88,-0.0509469696969697,0.016666666666666666,0.5,0.9090181963607279,0.8634273145370925,30,0.00722222222222223,0.08333333333333333,0.5333333333333333,0.4549090181963607,0.40051989602079585,30,-0.056111111111111105,0.058333333333333334,0.5333333333333333,0.8034393121375725,0.7490501899620076,28,-0.10773809523809523,-0.016666666666666666,0.42857142857142855,0.9508098380323935,0.8920215956808638,1,0.11496031746031746,MIXED,0.04199160167966407,0.10357928414317137,1.0,1.0,1.0,1.0,1.0,1.0,1.0,1.0,NONINCREASING,NON_MONOTONIC,10,0.05645465997813425,0.032938967136150236,0.02351569284198401,0.023794366863790713,0.017773850383308032,0.10734194246293177,0.21907273431449825,2.744913928012519,-0.26101652508241757,-0.22973180923542935,-0.084414736536702,0.03,-0.114414736536702,-0.10811201936562946,-0.11563289535520238,0.12511460393195992,-0.9144794687510921,2.5,-0.947161747339385,-0.6121597486013103,-0.04521845208111488,0.02826666666666667,-0.07348511874778155,-0.07085002739627,-0.07103270345493828,0.10685954295330587,-0.6876795157161785,2.3555555555555547,-0.3783756198064081,-0.3150268371485191,-0.031187495466368904,0.03146666666666667,-0.06265416213303554,-0.06073174794563444,-0.06517678605042498,0.11573023664965239,-0.5413810940584795,2.6222222222222222,-0.16778614379860646,-0.1544653618231372,-0.18343994245733086,0.030285714285714277,-0.21372565674304514,-0.1924300940068713,-0.20946638126670747,0.15011216701670443,-1.4237730424560577,2.5238095238095233,-0.5046749270514651,-0.3962982093456947
252,21,EQUAL_WEIGHT_9,POST_OOS_EXPLORATORY — NOT VALIDATION — CANNOT RESCUE RSR_001,213,0.06533646322378717,0.11666666666666665,0.5633802816901409,0.002999400119976005,0.007398520295940812,88,-0.0509469696969697,0.016666666666666666,0.5,0.9090181963607279,0.8634273145370925,30,0.00722222222222223,0.08333333333333333,0.5333333333333333,0.4549090181963607,0.40051989602079585,30,-0.056111111111111105,0.058333333333333334,0.5333333333333333,0.8034393121375725,0.7490501899620076,28,-0.10773809523809523,-0.016666666666666666,0.42857142857142855,0.9508098380323935,0.8920215956808638,1,0.11496031746031746,MIXED,0.04199160167966407,0.10357928414317137,1.0,1.0,1.0,1.0,1.0,1.0,1.0,1.0,NONINCREASING,NON_MONOTONIC,20,0.05645465997813425,0.06587793427230047,-0.00942327429416623,-0.00937901437850002,-0.015235205978060717,0.10749277529183264,-0.08766425714270507,2.744913928012519,-0.3985769829938445,-0.3287253981257686,-0.084414736536702,0.06,-0.144414736536702,-0.13447129276777675,-0.14212533708483988,0.12544648751772502,-1.1512058997769614,2.5,-1.1484950806727188,-0.6828863590903897,-0.04521845208111488,0.05653333333333334,-0.1017517854144482,-0.09674627540487062,-0.09709250152878235,0.10650739022037492,-0.955349532120852,2.3555555555555547,-0.4143756198064082,-0.3392472871588845,-0.031187495466368904,0.06293333333333334,-0.09412082879970221,-0.08982721948817027,-0.09443128554655156,0.11651924162262045,-0.8077706951143602,2.6222222222222222,-0.21646913188364814,-0.1946426055952578,-0.18343994245733086,0.060571428571428554,-0.24401137102875944,-0.2165212747469069,-0.23362495476691536,0.1506022210471804,-1.620237532568102,2.5238095238095233,-0.5653415937181319,-0.43183396834209153
252,42,SPY,POST_OOS_EXPLORATORY — NOT VALIDATION — CANNOT RESCUE RSR_001,212,0.0858490566037736,0.08333333333333334,0.589622641509434,0.0001999600079984003,0.0011997600479904018,88,0.009469696969696966,0.025,0.5227272727272727,0.41131773645270947,0.3743251349730054,30,0.014444444444444452,0.03333333333333333,0.5333333333333333,0.4149170165966807,0.3171365726854629,30,0.009444444444444445,0.05,0.5666666666666667,0.4435112977404519,0.4385122975404919,28,0.00416666666666666,-0.03333333333333333,0.4642857142857143,0.47030593881223753,0.5036992601479704,3,0.010277777777777792,ALL_POSITIVE,0.0035992801439712055,0.02159568086382723,1.0,1.0,1.0,1.0,1.0,1.0,1.0,1.0,NONINCREASING,NONDECREASING,5,0.0814127478329881,0.012207547169811319,0.06920520066317679,0.07165609112820756,0.06703622034042978,0.1144121548488864,0.6048762979298994,2.034591194968553,-0.2267151895736884,-0.20285221403714782,0.015796281985325362,0.011363636363636366,0.004432645621689006,0.004442484327086118,-0.00019247043618941806,0.12121415465249859,0.03656871290648097,1.8939393939393938,-0.30327788047506815,-0.26160611738353345,0.018384089487521616,0.0116,0.006784089487521631,0.006807153549329365,0.00541835794437584,0.1222085938203124,0.05551237662955615,1.9333333333333331,-0.30327788047506815,-0.26160611738353345,0.04299830269703074,0.010933333333333333,0.032064969363697404,0.03258458948962931,0.03278652788872782,0.10682325036509553,0.30016844885460087,1.8222222222222224,-0.09558443270617858,-0.0911583775436039,-0.016121391100997796,0.01157142857142857,-0.027692819672426372,-0.027312888739849064,-0.04013201189775806,0.13742482657562477,-0.20151249495801282,1.9285714285714286,-0.1379891675224915,-0.12889187204610686
252,42,SPY,POST_OOS_EXPLORATORY — NOT VALIDATION — CANNOT RESCUE RSR_001,212,0.0858490566037736,0.08333333333333334,0.589622641509434,0.0001999600079984003,0.0011997600479904018,88,0.009469696969696966,0.025,0.5227272727272727,0.41131773645270947,0.3743251349730054,30,0.014444444444444452,0.03333333333333333,0.5333333333333333,0.4149170165966807,0.3171365726854629,30,0.009444444444444445,0.05,0.5666666666666667,0.4435112977404519,0.4385122975404919,28,0.00416666666666666,-0.03333333333333333,0.4642857142857143,0.47030593881223753,0.5036992601479704,3,0.010277777777777792,ALL_POSITIVE,0.0035992801439712055,0.02159568086382723,1.0,1.0,1.0,1.0,1.0,1.0,1.0,1.0,NONINCREASING,NONDECREASING,10,0.0814127478329881,0.024415094339622637,0.05699765349336545,0.05865332625553182,0.05413700290540957,0.11448436310871857,0.4978640920528018,2.034591194968553,-0.23171518957368853,-0.20682800520614486,0.015796281985325362,0.02272727272727273,-0.0069309907419473574,-0.006907026822146462,-0.011538234064733088,0.12150550846725199,-0.05704260514094626,1.8939393939393938,-0.3139445471417348,-0.2694404613492456,0.018384089487521616,0.0232,-0.004815910512478397,-0.0048043326089520656,-0.006215886094622536,0.12245290104204208,-0.039328676344098513,1.9333333333333331,-0.3139445471417348,-0.2694404613492456,0.04299830269703074,0.021866666666666666,0.02113163603036409,0.021356490102805308,0.02156623084913778,0.10693420092460644,0.19761344684534435,1.8222222222222224,-0.10247008944702998,-0.097394853231771,-0.016121391100997796,0.02314285714285714,-0.039264248243854945,-0.03850339821436091,-0.05129200654117794,0.13791481993050667,-0.2846992677338059,1.9285714285714286,-0.15765583418915816,-0.14585630155386975
252,42,SPY,POST_OOS_EXPLORATORY — NOT VALIDATION — CANNOT RESCUE RSR_001,212,0.0858490566037736,0.08333333333333334,0.589622641509434,0.0001999600079984003,0.0011997600479904018,88,0.009469696969696966,0.025,0.5227272727272727,0.41131773645270947,0.3743251349730054,30,0.014444444444444452,0.03333333333333333,0.5333333333333333,0.4149170165966807,0.3171365726854629,30,0.009444444444444445,0.05,0.5666666666666667,0.4435112977404519,0.4385122975404919,28,0.00416666666666666,-0.03333333333333333,0.4642857142857143,0.47030593881223753,0.5036992601479704,3,0.010277777777777792,ALL_POSITIVE,0.0035992801439712055,0.02159568086382723,1.0,1.0,1.0,1.0,1.0,1.0,1.0,1.0,NONINCREASING,NONDECREASING,20,0.0814127478329881,0.048830188679245275,0.03258255915374281,0.033119183068661774,0.02875913304536004,0.11468988859362138,0.2840926916338022,2.034591194968553,-0.2730099848938394,-0.23891481176381246,0.015796281985325362,0.04545454545454546,-0.02965826346922009,-0.029222773088904627,-0.033882546006141934,0.12213499216753389,-0.24283182847825896,1.8939393939393938,-0.40163805431174615,-0.33077707578813387,0.018384089487521616,0.0464,-0.028015910512478377,-0.027627104272920245,-0.029124429861959955,0.12301935442049812,-0.22773579526938423,1.9333333333333331,-0.3352778804750681,-0.2848606645189379,0.04299830269703074,0.04373333333333333,-0.0007350306363025868,-0.0007347605674581128,-0.0005429160443753966,0.10718390051184265,-0.006857658965502697,1.8222222222222224,-0.11713675611369667,-0.11053645473217155,-0.016121391100997796,0.04628571428571428,-0.0624071053867121,-0.06049966671992118,-0.07326148363479323,0.13892873883966161,-0.44920227382713424,1.9285714285714286,-0.1982731498509227,-0.17985420016379905
252,42,EQUAL_WEIGHT_9,POST_OOS_EXPLORATORY — NOT VALIDATION — CANNOT RESCUE RSR_001,212,0.07995283018867926,0.08333333333333334,0.5518867924528302,0.0003999200159968006,0.0021995600879824036,88,0.011742424242424249,0.0,0.48863636363636365,0.3835232953409318,0.36052789442111577,30,0.021666666666666657,0.016666666666666666,0.5,0.3705258948210358,0.2679464107178564,30,0.015555555555555555,0.06666666666666667,0.5666666666666667,0.41111777644471104,0.3929214157168566,28,-0.0029761904761904756,-0.05,0.39285714285714285,0.5106978604279144,0.5340931813637273,2,0.024642857142857133,MIXED,0.006798640271945611,0.03739252149570086,1.0,1.0,1.0,1.0,1.0,1.0,1.0,1.0,NONINCREASING,NON_MONOTONIC,5,0.07389133403173423,0.012264150943396227,0.061627183088338006,0.0635657555047258,0.059056333747206535,0.11427477603943399,0.5392894672317858,2.044025157232704,-0.2267151895736884,-0.20285221403714782,0.022411901015847384,0.011636363636363636,0.010775537379483746,0.01083380257392573,0.005822654078997402,0.1266669412074511,0.08506984756058737,1.9393939393939397,-0.3158684235613679,-0.27084461647522573,0.009807561435514367,0.012266666666666665,-0.002459105231152306,-0.002456084108810016,-0.004670861036215057,0.12634284406154064,-0.01946374762590032,2.0444444444444447,-0.3158684235613679,-0.27084461647522573,0.07116216471390854,0.011199999999999998,0.05996216471390854,0.06179637241584335,0.062286387528886156,0.11179199257361902,0.5363726268178046,1.8666666666666667,-0.09558443270617858,-0.09115837754360401,-0.01631587482457561,0.011428571428571427,-0.027744446253147047,-0.027363103953283455,-0.040628220765840606,0.14409171347461522,-0.1925471325457922,1.9047619047619047,-0.19427747793807587,-0.17657061092295112
252,42,EQUAL_WEIGHT_9,POST_OOS_EXPLORATORY — NOT VALIDATION — CANNOT RESCUE RSR_001,212,0.07995283018867926,0.08333333333333334,0.5518867924528302,0.0003999200159968006,0.0021995600879824036,88,0.011742424242424249,0.0,0.48863636363636365,0.3835232953409318,0.36052789442111577,30,0.021666666666666657,0.016666666666666666,0.5,0.3705258948210358,0.2679464107178564,30,0.015555555555555555,0.06666666666666667,0.5666666666666667,0.41111777644471104,0.3929214157168566,28,-0.0029761904761904756,-0.05,0.39285714285714285,0.5106978604279144,0.5340931813637273,2,0.024642857142857133,MIXED,0.006798640271945611,0.03739252149570086,1.0,1.0,1.0,1.0,1.0,1.0,1.0,1.0,NONINCREASING,NON_MONOTONIC,10,0.07389133403173423,0.024528301886792454,0.049363032144941775,0.05060168370049203,0.0461806124868851,0.11439584372887632,0.4315107134655569,2.044025157232704,-0.23171518957368853,-0.20682800520614486,0.022411901015847384,0.02327272727272727,-0.000860826256879878,-0.0008604558522499121,-0.005862931471271371,0.12699818910482902,-0.006778256154261539,1.9393939393939397,-0.3272017568947012,-0.2790617259150311,0.009807561435514367,0.02453333333333333,-0.01472577189781897,-0.014617877975190905,-0.016831878950452683,0.12639878592525686,-0.1165024789599382,2.0444444444444447,-0.3272017568947012,-0.2790617259150311,0.07116216471390854,0.022399999999999996,0.048762164713908554,0.04997060098328053,0.05048500692455127,0.11197076145008765,0.4354901590594692,1.8666666666666667,-0.10247008944703001,-0.097394853231771,-0.01631587482457561,0.022857142857142854,-0.03917301768171846,-0.038415676337490455,-0.05167963469023651,0.14481307682968209,-0.2705074606472917,1.9047619047619047,-0.20661081127140923,-0.18666387034736642
252,42,EQUAL_WEIGHT_9,POST_OOS_EXPLORATORY — NOT VALIDATION — CANNOT RESCUE RSR_001,212,0.07995283018867926,0.08333333333333334,0.5518867924528302,0.0003999200159968006,0.0021995600879824036,88,0.011742424242424249,0.0,0.48863636363636365,0.3835232953409318,0.36052789442111577,30,0.021666666666666657,0.016666666666666666,0.5,0.3705258948210358,0.2679464107178564,30,0.015555555555555555,0.06666666666666667,0.5666666666666667,0.41111777644471104,0.3929214157168566,28,-0.0029761904761904756,-0.05,0.39285714285714285,0.5106978604279144,0.5340931813637273,2,0.024642857142857133,MIXED,0.006798640271945611,0.03739252149570086,1.0,1.0,1.0,1.0,1.0,1.0,1.0,1.0,NONINCREASING,NON_MONOTONIC,20,0.07389133403173423,0.04905660377358491,0.024834730258149328,0.025145680961146295,0.020851418441219183,0.1146986124258357,0.216521627706765,2.044025157232704,-0.27028117311162136,-0.23683511727799567,0.022411901015847384,0.04654545454545454,-0.02413355352960716,-0.02384466793813935,-0.028868143427905668,0.12770825660692142,-0.18897410528348868,1.9393939393939397,-0.37255327962072843,-0.3110270576370976,0.009807561435514367,0.04906666666666666,-0.03925910523115229,-0.03849845321240827,-0.04075408808005676,0.12657584959836504,-0.31016268392212626,2.0444444444444447,-0.34986842356136794,-0.2952191838319207,0.07116216471390854,0.04479999999999999,0.026362164713908544,0.026712720266667624,0.0272370789904246,0.1123701697603822,0.23460109360093648,1.8666666666666667,-0.11713675611369664,-0.11053645473217144,-0.01631587482457561,0.04571428571428571,-0.06203016053886133,-0.060145460155761485,-0.07343977090609988,0.14628911648993154,-0.42402443891395436,1.9047619047619047,-0.2312774779380759,-0.20648074860139753
504,10,SPY,POST_OOS_EXPLORATORY — NOT VALIDATION — CANNOT RESCUE RSR_001,202,0.025330033003300324,0.016666666666666666,0.5148514851485149,0.15516896620675866,0.15616876624675066,88,-0.04223484848484848,-0.08333333333333333,0.4318181818181818,0.8714257148570286,0.7820435912817436,30,-0.07888888888888891,-0.08333333333333333,0.43333333333333335,0.8870225954809038,0.6918616276744651,30,-0.035555555555555556,-0.058333333333333334,0.43333333333333335,0.7166566686662668,0.6636672665466906,28,-0.01011904761904761,-0.10833333333333332,0.42857142857142855,0.5604879024195161,0.5298940211957609,0,0.0687698412698413,ALL_NONPOSITIVE,0.4667066586682663,0.5556888622275545,1.0,1.0,1.0,1.0,1.0,1.0,1.0,1.0,NON_MONOTONIC,NON_MONOTONIC,5,0.030103582195206237,0.01617821782178218,0.013925364373424055,0.014022773889035448,0.00950478139925659,0.10495750605483979,0.13267621246781644,2.696369636963696,-0.30805567750582913,-0.26512559910374167,-0.08008789568941296,0.015545454545454546,-0.09563335023486752,-0.09120283474236718,-0.1010378574949905,0.14424121338357584,-0.6630098845643578,2.590909090909091,-0.7825221554856997,-0.5427487031340683,-0.17925935794343284,0.014666666666666665,-0.19392602461009956,-0.17628116306307917,-0.18871267063747754,0.16118569782523917,-1.203121785782496,2.4444444444444446,-0.4972421449254877,-0.3917943079430637,-0.02414738919740781,0.015333333333333329,-0.039480722530741114,-0.03871151497879913,-0.04377152192973455,0.13942364762217,-0.2831709197404703,2.5555555555555554,-0.25832004884814247,-0.2276519965424556,-0.03376901451582573,0.01671428571428571,-0.05048330023011143,-0.04923019382326864,-0.06080570743755698,0.12997353357743763,-0.388412154694815,2.785714285714285,-0.15928805498329643,-0.1472493154972273
504,10,SPY,POST_OOS_EXPLORATORY — NOT VALIDATION — CANNOT RESCUE RSR_001,202,0.025330033003300324,0.016666666666666666,0.5148514851485149,0.15516896620675866,0.15616876624675066,88,-0.04223484848484848,-0.08333333333333333,0.4318181818181818,0.8714257148570286,0.7820435912817436,30,-0.07888888888888891,-0.08333333333333333,0.43333333333333335,0.8870225954809038,0.6918616276744651,30,-0.035555555555555556,-0.058333333333333334,0.43333333333333335,0.7166566686662668,0.6636672665466906,28,-0.01011904761904761,-0.10833333333333332,0.42857142857142855,0.5604879024195161,0.5298940211957609,0,0.0687698412698413,ALL_NONPOSITIVE,0.4667066586682663,0.5556888622275545,1.0,1.0,1.0,1.0,1.0,1.0,1.0,1.0,NON_MONOTONIC,NON_MONOTONIC,10,0.030103582195206237,0.03235643564356436,-0.0022528534483581253,-0.002250317678624876,-0.006728102730479857,0.1052171334416028,-0.02141146954558019,2.696369636963696,-0.41305567750582906,-0.3383745558522082,-0.08008789568941296,0.031090909090909093,-0.11117880478032205,-0.10522125609211533,-0.11504823960489063,0.14424871697220912,-0.770743803577412,2.590909090909091,-0.8821835165586372,-0.5861217856041161,-0.17925935794343284,0.02933333333333333,-0.20859269127676622,-0.18827420868458625,-0.20072022221657615,0.1609508652866783,-1.2960022980008867,2.4444444444444446,-0.5252368393317588,-0.4085847226206708,-0.02414738919740781,0.030666666666666658,-0.05481405586407447,-0.053338842320032456,-0.05843485899702461,0.139740048974976,-0.39225731110120277,2.5555555555555554,-0.2793200488481425,-0.24370218776701402,-0.03376901451582573,0.03342857142857142,-0.06719758594439715,-0.06498956183637113,-0.076483634960129,0.13003535468326632,-0.516763968599722,2.785714285714285,-0.18962138831662972,-0.1727277103884003
504,10,SPY,POST_OOS_EXPLORATORY — NOT VALIDATION — CANNOT RESCUE RSR_001,202,0.025330033003300324,0.016666666666666666,0.5148514851485149,0.15516896620675866,0.15616876624675066,88,-0.04223484848484848,-0.08333333333333333,0.4318181818181818,0.8714257148570286,0.7820435912817436,30,-0.07888888888888891,-0.08333333333333333,0.43333333333333335,0.8870225954809038,0.6918616276744651,30,-0.035555555555555556,-0.058333333333333334,0.43333333333333335,0.7166566686662668,0.6636672665466906,28,-0.01011904761904761,-0.10833333333333332,0.42857142857142855,0.5604879024195161,0.5298940211957609,0,0.0687698412698413,ALL_NONPOSITIVE,0.4667066586682663,0.5556888622275545,1.0,1.0,1.0,1.0,1.0,1.0,1.0,1.0,NON_MONOTONIC,NON_MONOTONIC,20,0.030103582195206237,0.06471287128712871,-0.03460928909192247,-0.03401723746154923,-0.03848473357858051,0.10579555150420476,-0.3271336894590218,2.696369636963696,-0.8048635533756291,-0.5528510656402079,-0.08008789568941296,0.062181818181818185,-0.14226971387123113,-0.13261272144696978,-0.14247540327824293,0.14430287444571432,-0.9859104637915715,2.590909090909091,-1.0855168498919712,-0.6622728134821023,-0.17925935794343284,0.05866666666666666,-0.23792602461009954,-0.21173899914811836,-0.22425214054612674,0.16051339947007356,-1.4822813883177333,2.4444444444444446,-0.5852368393317587,-0.44302606714425685,-0.02414738919740781,0.061333333333333316,-0.08548072253074113,-0.08192915903401293,-0.08715107825302049,0.14041606910260643,-0.6087673802367853,2.5555555555555554,-0.32132004884814247,-0.27480888273670656,-0.03376901451582573,0.06685714285714284,-0.1006261573729686,-0.09572897524051285,-0.10712674675645273,0.1301977241033953,-0.7728718613626246,2.785714285714285,-0.2502880549832964,-0.2214235220674965
504,10,EQUAL_WEIGHT_9,POST_OOS_EXPLORATORY — NOT VALIDATION — CANNOT RESCUE RSR_001,202,0.021617161716171614,0.016666666666666666,0.5198019801980198,0.19556088782243553,0.1933613277344531,88,-0.06325757575757575,-0.11666666666666665,0.42045454545454547,0.9532093581283744,0.9068186362727455,30,-0.08555555555555555,-0.09166666666666666,0.43333333333333335,0.902619476104779,0.7246550689862028,30,-0.08499999999999999,-0.11666666666666665,0.36666666666666664,0.9044191161767646,0.8378324335132974,28,-0.016071428571428587,-0.08333333333333333,0.4642857142857143,0.5902819436112777,0.5658868226354729,0,0.06948412698412697,ALL_NONPOSITIVE,0.4667066586682663,0.5556888622275545,1.0,1.0,1.0,1.0,1.0,1.0,1.0,1.0,NONINCREASING,NONDECREASING,5,0.027752132337671407,0.016,0.011752132337671407,0.011821459961200329,0.00715753683056497,0.10392155432861296,0.11308657201671267,2.666666666666666,-0.2974841504519995,-0.25731564566117804,-0.11437185630111085,0.015636363636363636,-0.13000821993747447,-0.12191178693931223,-0.13553200974973756,0.15390497261904035,-0.8447304705305572,2.606060606060606,-1.0394760096711704,-0.6463600626744224,-0.1697556162723671,0.014533333333333332,-0.18428894960570044,-0.16830454896921695,-0.18124127514996424,0.15361821574510462,-1.1996555793323826,2.4222222222222225,-0.471144151820761,-0.3757124202664667,-0.10340719655122925,0.01653333333333333,-0.11994052988456257,-0.11302681645367263,-0.12591237501637487,0.15912585409873872,-0.7537463384808518,2.755555555555555,-0.38151281198035164,-0.31717236237222424,-0.06677996320678085,0.015857142857142854,-0.08263710606392373,-0.07931480232071127,-0.09452229697033698,0.15265826926339718,-0.5413208630142488,2.642857142857143,-0.2408570505556069,-0.21404602995824118
504,10,EQUAL_WEIGHT_9,POST_OOS_EXPLORATORY — NOT VALIDATION — CANNOT RESCUE RSR_001,202,0.021617161716171614,0.016666666666666666,0.5198019801980198,0.19556088782243553,0.1933613277344531,88,-0.06325757575757575,-0.11666666666666665,0.42045454545454547,0.9532093581283744,0.9068186362727455,30,-0.08555555555555555,-0.09166666666666666,0.43333333333333335,0.902619476104779,0.7246550689862028,30,-0.08499999999999999,-0.11666666666666665,0.36666666666666664,0.9044191161767646,0.8378324335132974,28,-0.016071428571428587,-0.08333333333333333,0.4642857142857143,0.5902819436112777,0.5658868226354729,0,0.06948412698412697,ALL_NONPOSITIVE,0.4667066586682663,0.5556888622275545,1.0,1.0,1.0,1.0,1.0,1.0,1.0,1.0,NONINCREASING,NONDECREASING,10,0.027752132337671407,0.032,-0.004247867662328592,-0.004238858233957949,-0.008855579065518704,0.1041081389062446,-0.04080245509098998,2.666666666666666,-0.42141151036122354,-0.3438799543493809,-0.11437185630111085,0.03127272727272727,-0.14564458357383808,-0.13553510638582247,-0.14911870925248316,0.15384365622060558,-0.9467051625774523,2.606060606060606,-1.1424760096711701,-0.6809718736382835,-0.1697556162723671,0.029066666666666664,-0.19882228293903378,-0.18030444572588228,-0.19323667878123885,0.15334738001746576,-1.2965482874007277,2.4222222222222225,-0.5008108184874277,-0.3939609272386273,-0.10340719655122925,0.03306666666666666,-0.1364738632178959,-0.1275708775484924,-0.1404425438771698,0.15923766504164194,-0.8570451166952673,2.755555555555555,-0.41784614531368497,-0.3415364716685041,-0.06677996320678085,0.03171428571428571,-0.09849424892106659,-0.0937990957677857,-0.1089075025652908,0.1526734496043934,-0.64513017277257,2.642857142857143,-0.2695237172222735,-0.2362568345588575
504,10,EQUAL_WEIGHT_9,POST_OOS_EXPLORATORY — NOT VALIDATION — CANNOT RESCUE RSR_001,202,0.021617161716171614,0.016666666666666666,0.5198019801980198,0.19556088782243553,0.1933613277344531,88,-0.06325757575757575,-0.11666666666666665,0.42045454545454547,0.9532093581283744,0.9068186362727455,30,-0.08555555555555555,-0.09166666666666666,0.43333333333333335,0.902619476104779,0.7246550689862028,30,-0.08499999999999999,-0.11666666666666665,0.36666666666666664,0.9044191161767646,0.8378324335132974,28,-0.016071428571428587,-0.08333333333333333,0.4642857142857143,0.5902819436112777,0.5658868226354729,0,0.06948412698412697,ALL_NONPOSITIVE,0.4667066586682663,0.5556888622275545,1.0,1.0,1.0,1.0,1.0,1.0,1.0,1.0,NONINCREASING,NONDECREASING,20,0.027752132337671407,0.064,-0.03624786766232859,-0.03559878002089129,-0.040190296395777314,0.10454276434925663,-0.34672765626544616,2.666666666666666,-0.803283155459142,-0.5521438336892374,-0.11437185630111085,0.06254545454545454,-0.17691731084656537,-0.1621509373116223,-0.1757114509102018,0.1537572177147728,-1.1506276809375913,2.606060606060606,-1.3484760096711703,-0.7403643585022679,-0.1697556162723671,0.05813333333333333,-0.22788894960570039,-0.20378732534242053,-0.2167495133020465,0.15283763331847816,-1.4910525939042296,2.4222222222222225,-0.5601441518207609,-0.4288732710432692,-0.10340719655122925,0.06613333333333332,-0.16954052988456259,-0.15594745556508813,-0.16884606367500454,0.1594986452075189,-1.0629590593950091,2.755555555555555,-0.4905128119803516,-0.3876876874307108,-0.06677996320678085,0.06342857142857142,-0.13020853463535229,-0.12208766329852357,-0.13705613404059092,0.1527396630684918,-0.8524867216511008,2.642857142857143,-0.3268570505556069,-0.2788131710851067
504,21,SPY,POST_OOS_EXPLORATORY — NOT VALIDATION — CANNOT RESCUE RSR_001,201,0.03781094527363184,0.03333333333333333,0.5323383084577115,0.0661867626474705,0.07938412317536493,88,-0.045643939393939396,0.008333333333333333,0.5,0.8898220355928814,0.8414317136572685,30,-0.009999999999999998,0.016666666666666666,0.5333333333333333,0.5622875424915017,0.495500899820036,30,-0.03499999999999999,-0.08333333333333333,0.4666666666666667,0.7126574685062987,0.6402719456108779,28,-0.09523809523809526,-0.049999999999999996,0.5,0.9280143971205759,0.850629874025195,0,0.08523809523809527,ALL_NONPOSITIVE,0.46330733853229356,0.5556888622275545,1.0,1.0,1.0,1.0,1.0,1.0,1.0,1.0,NON_MONOTONIC,NON_MONOTONIC,5,0.03513088308103818,0.016119402985074627,0.019011480095963543,0.019193348987698977,0.01170830720302729,0.11679751803413256,0.16277298024781386,2.6865671641791047,-0.2870430397516644,-0.2495205723062408,-0.07660227542923699,0.015227272727272728,-0.09182954815650973,-0.0877393671998854,-0.09378144018638901,0.1272775832440738,-0.7214903505860325,2.5378787878787876,-0.7846474312194442,-0.5437194562950612,-0.02778737918584587,0.015199999999999998,-0.042987379185845886,-0.04207652023504843,-0.038002475395995994,0.11190257855318825,-0.3841500324803831,2.533333333333333,-0.2988424304927324,-0.2583237342079776,-0.029981810440387904,0.015599999999999996,-0.0455818104403879,-0.04455856570999684,-0.04862842128888678,0.12167593570530684,-0.37461647758176947,2.599999999999999,-0.21482351101260408,-0.1933162015786417,-0.17885444817806578,0.014857142857142857,-0.19371159103520869,-0.17610451114879597,-0.19311168134866974,0.1467352660720667,-1.3201433862536516,2.476190476190476,-0.4797685654830639,-0.38107338378559186
504,21,SPY,POST_OOS_EXPLORATORY — NOT VALIDATION — CANNOT RESCUE RSR_001,201,0.03781094527363184,0.03333333333333333,0.5323383084577115,0.0661867626474705,0.07938412317536493,88,-0.045643939393939396,0.008333333333333333,0.5,0.8898220355928814,0.8414317136572685,30,-0.009999999999999998,0.016666666666666666,0.5333333333333333,0.5622875424915017,0.495500899820036,30,-0.03499999999999999,-0.08333333333333333,0.4666666666666667,0.7126574685062987,0.6402719456108779,28,-0.09523809523809526,-0.049999999999999996,0.5,0.9280143971205759,0.850629874025195,0,0.08523809523809527,ALL_NONPOSITIVE,0.46330733853229356,0.5556888622275545,1.0,1.0,1.0,1.0,1.0,1.0,1.0,1.0,NON_MONOTONIC,NON_MONOTONIC,10,0.03513088308103818,0.032238805970149255,0.0028920771108889155,0.0028962632004217183,-0.0044783140133553,0.11684906177628185,0.024750537718702954,2.6865671641791047,-0.34566719922367617,-0.29225201300343095,-0.07660227542923699,0.030454545454545456,-0.10705682088378245,-0.10152538058206671,-0.10762869382559648,0.12746860261685075,-0.8398681611469242,2.5378787878787876,-0.8853140978861108,-0.5874154390138061,-0.02778737918584587,0.030399999999999996,-0.058187379185845864,-0.05652685635688291,-0.052589893648790076,0.11204677289401303,-0.5193132982141869,2.533333333333333,-0.317509097159399,-0.27203994162449807,-0.029981810440387904,0.03119999999999999,-0.061181810440387924,-0.059347796163010315,-0.06343324755505186,0.12168032437619021,-0.5028077526423793,2.599999999999999,-0.22629811026790697,-0.20251967084835254,-0.17885444817806578,0.029714285714285714,-0.2085687338923515,-0.18825476162481497,-0.20529868611144542,0.14717895029148972,-1.4171098073418689,2.476190476190476,-0.5081018988163973,-0.39836353740494324
504,21,SPY,POST_OOS_EXPLORATORY — NOT VALIDATION — CANNOT RESCUE RSR_001,201,0.03781094527363184,0.03333333333333333,0.5323383084577115,0.0661867626474705,0.07938412317536493,88,-0.045643939393939396,0.008333333333333333,0.5,0.8898220355928814,0.8414317136572685,30,-0.009999999999999998,0.016666666666666666,0.5333333333333333,0.5622875424915017,0.495500899820036,30,-0.03499999999999999,-0.08333333333333333,0.4666666666666667,0.7126574685062987,0.6402719456108779,28,-0.09523809523809526,-0.049999999999999996,0.5,0.9280143971205759,0.850629874025195,0,0.08523809523809527,ALL_NONPOSITIVE,0.46330733853229356,0.5556888622275545,1.0,1.0,1.0,1.0,1.0,1.0,1.0,1.0,NON_MONOTONIC,NON_MONOTONIC,20,0.03513088308103818,0.06447761194029851,-0.029346728859260332,-0.02892029527045285,-0.036148268469556766,0.11700983767164985,-0.25080565397938936,2.6865671641791047,-0.6741156996363055,-0.49039313304895105,-0.07660227542923699,0.06090909090909091,-0.13751136633832792,-0.12847555610083045,-0.13474833004116415,0.12789426782276891,-1.0751956962518916,2.5378787878787876,-1.086647431219444,-0.6626544257704471,-0.02778737918584587,0.06079999999999999,-0.08858737918584587,-0.08477686421049697,-0.08116275900506331,0.11237732766969805,-0.7883029524089048,2.533333333333333,-0.35484243049273234,-0.29871606453259536,-0.029981810440387904,0.06239999999999998,-0.09238181044038793,-0.08824303524921284,-0.0924165770149511,0.12173749082228336,-0.7588608062839912,2.599999999999999,-0.288298110267907,-0.2504618860778419,-0.17885444817806578,0.05942857142857143,-0.23828301960663725,-0.2120203541572349,-0.22917380962707912,0.1481080638647976,-1.6088456859726223,2.476190476190476,-0.564768565483064,-0.4315082998640398
504,21,EQUAL_WEIGHT_9,POST_OOS_EXPLORATORY — NOT VALIDATION — CANNOT RESCUE RSR_001,201,0.035820895522388055,0.049999999999999996,0.527363184079602,0.08178364327134573,0.08718256348730254,88,-0.05625,-0.07500000000000001,0.4659090909090909,0.9370125974805039,0.8926214757048591,30,-0.021111111111111112,-0.03333333333333334,0.5,0.625874825034993,0.5402919416116777,30,-0.042777777777777776,-0.09166666666666666,0.43333333333333335,0.7466506698660268,0.6848630273945211,28,-0.10833333333333335,-0.08333333333333333,0.4642857142857143,0.9502099580083984,0.8808238352329534,0,0.08722222222222224,ALL_NONPOSITIVE,0.4667066586682663,0.5556888622275545,1.0,1.0,1.0,1.0,1.0,1.0,1.0,1.0,NONINCREASING,NONDECREASING,5,0.041348811603085546,0.01617910447761194,0.025169707125473603,0.02548913857187132,0.019117887052040317,0.1125904151623409,0.22355106417524193,2.6965174129353233,-0.27335281454294874,-0.23917568961095226,-0.08887822777774082,0.015136363636363639,-0.10401459141410448,-0.09878785263437213,-0.10710101753871093,0.12755591460037563,-0.8154431077537675,2.522727272727273,-0.8685852491422283,-0.5804553192209572,-0.04542778674586054,0.015066666666666664,-0.060494453412527203,-0.05870100999888759,-0.05784110223274597,0.10095618932381027,-0.599214905175306,2.511111111111111,-0.35676377626137146,-0.3000621798640155,-0.04726132891744422,0.015066666666666664,-0.06232799558411091,-0.06042534009406806,-0.06801887155386399,0.1257376784802848,-0.49569863494723027,2.511111111111111,-0.21482351101260405,-0.1933162015786416,-0.18002180623364467,0.015285714285714284,-0.19530752051935896,-0.17741834158208966,-0.19484229481464832,0.15310934815594932,-1.2756080727378498,2.547619047619048,-0.4626805325725941,-0.3704062649255522
504,21,EQUAL_WEIGHT_9,POST_OOS_EXPLORATORY — NOT VALIDATION — CANNOT RESCUE RSR_001,201,0.035820895522388055,0.049999999999999996,0.527363184079602,0.08178364327134573,0.08718256348730254,88,-0.05625,-0.07500000000000001,0.4659090909090909,0.9370125974805039,0.8926214757048591,30,-0.021111111111111112,-0.03333333333333334,0.5,0.625874825034993,0.5402919416116777,30,-0.042777777777777776,-0.09166666666666666,0.43333333333333335,0.7466506698660268,0.6848630273945211,28,-0.10833333333333335,-0.08333333333333333,0.4642857142857143,0.9502099580083984,0.8808238352329534,0,0.08722222222222224,ALL_NONPOSITIVE,0.4667066586682663,0.5556888622275545,1.0,1.0,1.0,1.0,1.0,1.0,1.0,1.0,NONINCREASING,NONDECREASING,10,0.041348811603085546,0.03235820895522388,0.008990602647861664,0.009031139508377282,0.0027573592395091495,0.11269381425991681,0.07977902520120363,2.6965174129353233,-0.36301948120961547,-0.30442711723402893,-0.08887822777774082,0.030272727272727278,-0.1191509550504681,-0.11232620819450105,-0.12067680363648392,0.12771187769237655,-0.9329669033405852,2.522727272727273,-0.9699185824755614,-0.6208860966376126,-0.04542778674586054,0.030133333333333328,-0.07556112007919384,-0.07277694314459875,-0.07201025077103795,0.10093038997721084,-0.7486458746097667,2.511111111111111,-0.37609710959470477,-0.3134643393946649,-0.04726132891744422,0.030133333333333328,-0.07739466225077755,-0.07447548806907499,-0.08206792613879155,0.12587386922294422,-0.6148588482149407,2.511111111111111,-0.2243025299381834,-0.20092664581410868,-0.18002180623364467,0.03057142857142857,-0.21059323480507325,-0.18989647821170996,-0.20733840222712385,0.15341475303192947,-1.3727052362509327,2.547619047619048,-0.493680532572594,-0.389624252883624
504,21,EQUAL_WEIGHT_9,POST_OOS_EXPLORATORY — NOT VALIDATION — CANNOT RESCUE RSR_001,201,0.035820895522388055,0.049999999999999996,0.527363184079602,0.08178364327134573,0.08718256348730254,88,-0.05625,-0.07500000000000001,0.4659090909090909,0.9370125974805039,0.8926214757048591,30,-0.021111111111111112,-0.03333333333333334,0.5,0.625874825034993,0.5402919416116777,30,-0.042777777777777776,-0.09166666666666666,0.43333333333333335,0.7466506698660268,0.6848630273945211,28,-0.10833333333333335,-0.08333333333333333,0.4642857142857143,0.9502099580083984,0.8808238352329534,0,0.08722222222222224,ALL_NONPOSITIVE,0.4667066586682663,0.5556888622275545,1.0,1.0,1.0,1.0,1.0,1.0,1.0,1.0,NONINCREASING,NONDECREASING,20,0.041348811603085546,0.06471641791044776,-0.02336760630736221,-0.023096698056908494,-0.02925014523211955,0.11295746113066786,-0.20687085273925235,2.6965174129353233,-0.6740570271348486,-0.49036323226213907,-0.08887822777774082,0.060545454545454555,-0.14942368232319536,-0.13879583938743623,-0.14726842565133147,0.1280752604565207,-1.1666865387630585,2.522727272727273,-1.1725852491422284,-0.6904343983256388,-0.04542778674586054,0.060266666666666656,-0.10569445341252723,-0.1003004938033254,-0.09976938576257177,0.10093531607687373,-1.0471503683807646,2.511111111111111,-0.41476377626137145,-0.3395037128196511,-0.04726132891744422,0.060266666666666656,-0.10752799558411089,-0.10194861937408804,-0.10959180083410636,0.1262041485820577,-0.8520163306216229,2.511111111111111,-0.2836358632715167,-0.24695919539767464,-0.18002180623364467,0.06114285714285714,-0.24116466337650178,-0.2142877622941702,-0.23180518376749215,0.1540719342349894,-1.5652731600596326,2.547619047619048,-0.5556805325725939,-0.42631828077299283
504,42,SPY,POST_OOS_EXPLORATORY — NOT VALIDATION — CANNOT RESCUE RSR_001,200,0.06741666666666665,0.08333333333333334,0.56,0.0027994401119776045,0.007598480303939212,88,-0.006818181818181832,0.0,0.48863636363636365,0.5842831433713257,0.5298940211957609,30,-0.006666666666666684,0.008333333333333333,0.5,0.5402919416116777,0.4399120175964807,30,0.020555555555555556,0.06666666666666667,0.5333333333333333,0.3749250149970006,0.38852229554089185,28,-0.036309523809523826,-0.041666666666666664,0.42857142857142855,0.7130573885222955,0.6580683863227355,1,0.05686507936507938,MIXED,0.041991601679664065,0.10357928414317137,1.0,1.0,1.0,1.0,1.0,1.0,1.0,1.0,NONINCREASING,NON_MONOTONIC,5,0.0434577501115203,0.011859999999999999,0.0315977501115203,0.03210225877579023,0.028991483841874333,0.10803727015800145,0.2924708303468746,1.9766666666666668,-0.22714091261246414,-0.2031915059876167,-0.04466154717956023,0.011227272727272725,-0.05588881990683296,-0.05435573313625494,-0.06019982289299308,0.13098598682278365,-0.42667785510863276,1.8712121212121209,-0.5932936349324958,-0.44749546359297887,-0.029401149863347797,0.011333333333333334,-0.040734483196681125,-0.03991598545331048,-0.0360644256550775,0.14124303150960765,-0.28839994979795003,1.888888888888889,-0.3640561811470889,-0.3051478439448826,-0.03411051065724048,0.011066666666666666,-0.04517717732390712,-0.04417188423803655,-0.05075249932659587,0.13054660317046798,-0.34606168392535414,1.8444444444444443,-0.24535493897457317,-0.2175732248069473,-0.0723166548637019,0.011285714285714284,-0.0836023691494162,-0.08020307697705309,-0.09513829351481307,0.12431534656072844,-0.672502401854112,1.8809523809523812,-0.25198715803730076,-0.2227452805190292
504,42,SPY,POST_OOS_EXPLORATORY — NOT VALIDATION — CANNOT RESCUE RSR_001,200,0.06741666666666665,0.08333333333333334,0.56,0.0027994401119776045,0.007598480303939212,88,-0.006818181818181832,0.0,0.48863636363636365,0.5842831433713257,0.5298940211957609,30,-0.006666666666666684,0.008333333333333333,0.5,0.5402919416116777,0.4399120175964807,30,0.020555555555555556,0.06666666666666667,0.5333333333333333,0.3749250149970006,0.38852229554089185,28,-0.036309523809523826,-0.041666666666666664,0.42857142857142855,0.7130573885222955,0.6580683863227355,1,0.05686507936507938,MIXED,0.041991601679664065,0.10357928414317137,1.0,1.0,1.0,1.0,1.0,1.0,1.0,1.0,NONINCREASING,NON_MONOTONIC,10,0.0434577501115203,0.023719999999999998,0.019737750111520305,0.01993382741821602,0.016877064858286328,0.10804147534638732,0.18268678808985084,1.9766666666666668,-0.24380757927913085,-0.21636159197622784,-0.04466154717956023,0.02245454545454545,-0.0671160926341057,-0.06491336163574699,-0.07078808660373692,0.13122953270285928,-0.5114404604798486,1.8712121212121209,-0.6649603015991624,-0.48570605605148154,-0.029401149863347797,0.02266666666666667,-0.05206781653001447,-0.050735511163731095,-0.04698667147561608,0.14134250727391467,-0.3683804506814759,1.888888888888889,-0.3750561811470889,-0.3127493328244596,-0.03411051065724048,0.02213333333333333,-0.05624384399057379,-0.05469140003720036,-0.061259286463965834,0.1305905425515578,-0.4306884931454239,1.8444444444444443,-0.2670216056412399,-0.23434347121360688,-0.0723166548637019,0.02257142857142857,-0.09488808343513046,-0.09052528594145275,-0.10546239677736524,0.12496903598324781,-0.7592927535093595,1.8809523809523812,-0.26765382470396737,-0.2348273808820307
504,42,SPY,POST_OOS_EXPLORATORY — NOT VALIDATION — CANNOT RESCUE RSR_001,200,0.06741666666666665,0.08333333333333334,0.56,0.0027994401119776045,0.007598480303939212,88,-0.006818181818181832,0.0,0.48863636363636365,0.5842831433713257,0.5298940211957609,30,-0.006666666666666684,0.008333333333333333,0.5,0.5402919416116777,0.4399120175964807,30,0.020555555555555556,0.06666666666666667,0.5333333333333333,0.3749250149970006,0.38852229554089185,28,-0.036309523809523826,-0.041666666666666664,0.42857142857142855,0.7130573885222955,0.6580683863227355,1,0.05686507936507938,MIXED,0.041991601679664065,0.10357928414317137,1.0,1.0,1.0,1.0,1.0,1.0,1.0,1.0,NONINCREASING,NON_MONOTONIC,20,0.0434577501115203,0.047439999999999996,-0.003982249888479698,-0.003974331246217277,-0.00696701649574194,0.10811065432270339,-0.03683494391397296,1.9766666666666668,-0.43104745931542615,-0.3501719303524242,-0.04466154717956023,0.0449090909090909,-0.08957063808865115,-0.0856763232338029,-0.09164303185394118,0.13176054482295554,-0.6797986317452294,1.8712121212121209,-0.8082936349324958,-0.5543821955017749,-0.029401149863347797,0.04533333333333334,-0.07473448319668113,-0.0720101494811885,-0.06849756761304027,0.14158623103807003,-0.5278372243455394,1.888888888888889,-0.39705618114708885,-0.32770374580309847,-0.03411051065724048,0.04426666666666666,-0.07837717732390714,-0.075384383277861,-0.0819599789341855,0.13073047312635247,-0.5995325760670561,1.8444444444444443,-0.3103549389745732,-0.2668133264912842,-0.0723166548637019,0.04514285714285714,-0.11745951200655907,-0.11082348800956038,-0.12579238708970986,0.12630627420213383,-0.9299578563974037,1.8809523809523812,-0.3068538024838823,-0.2642418409399878
504,42,EQUAL_WEIGHT_9,POST_OOS_EXPLORATORY — NOT VALIDATION — CANNOT RESCUE RSR_001,200,0.06691666666666667,0.08333333333333334,0.56,0.003199360127974405,0.008998200359928014,88,-0.007575757575757569,-0.041666666666666664,0.4659090909090909,0.5882823435312937,0.5236952609478105,30,0.00944444444444444,0.03333333333333333,0.5333333333333333,0.4363127374525095,0.3243351329734053,30,-0.016666666666666656,-0.008333333333333333,0.5,0.6134773045390922,0.5364927014597081,28,-0.016071428571428566,-0.06666666666666667,0.35714285714285715,0.586882623475305,0.5662867426514697,1,0.026111111111111095,MIXED,0.04199160167966407,0.10797840431913616,1.0,1.0,1.0,1.0,1.0,1.0,1.0,1.0,NONINCREASING,NONDECREASING,5,0.05146727104379445,0.012020000000000001,0.039447271043794446,0.040235646898957894,0.03683849684043494,0.10936890673492013,0.36068085730621485,2.003333333333333,-0.2311978931468472,-0.20641759402440052,-0.03959466183499494,0.011,-0.05059466183499493,-0.04933606717953641,-0.05726861925305571,0.13235826975036497,-0.3822553885784339,1.833333333333333,-0.5379837380548195,-0.41607558917782206,-0.007050159065485295,0.011466666666666667,-0.01851682573215193,-0.018346442586987963,-0.01634494785169882,0.1172587576885351,-0.1579142240389129,1.9111111111111112,-0.2764969815957687,-0.2415640916056293,-0.04416943210961502,0.010799999999999999,-0.05496943210961501,-0.053485919550062024,-0.06412427911247243,0.13516367137071558,-0.4066879180785898,1.8,-0.2695714945412708,-0.236293323288031,-0.06956223236523376,0.010714285714285714,-0.08027651807951948,-0.07713887668411716,-0.09215628325539482,0.14793713631401692,-0.5426393945406752,1.7857142857142858,-0.2573129460915431,-0.2268737709283155
504,42,EQUAL_WEIGHT_9,POST_OOS_EXPLORATORY — NOT VALIDATION — CANNOT RESCUE RSR_001,200,0.06691666666666667,0.08333333333333334,0.56,0.003199360127974405,0.008998200359928014,88,-0.007575757575757569,-0.041666666666666664,0.4659090909090909,0.5882823435312937,0.5236952609478105,30,0.00944444444444444,0.03333333333333333,0.5333333333333333,0.4363127374525095,0.3243351329734053,30,-0.016666666666666656,-0.008333333333333333,0.5,0.6134773045390922,0.5364927014597081,28,-0.016071428571428566,-0.06666666666666667,0.35714285714285715,0.586882623475305,0.5662867426514697,1,0.026111111111111095,MIXED,0.04199160167966407,0.10797840431913616,1.0,1.0,1.0,1.0,1.0,1.0,1.0,1.0,NONINCREASING,NONDECREASING,10,0.05146727104379445,0.024040000000000002,0.027427271043794447,0.027806861068707573,0.024479633394552502,0.10933358607686366,0.2508586064716887,2.003333333333333,-0.2638659313983845,-0.23192349230251796,-0.03959466183499494,0.022,-0.06159466183499494,-0.05973606558290392,-0.06768517084383718,0.1326940916844402,-0.4641854136314765,1.833333333333333,-0.6046504047214862,-0.4537346349453807,-0.007050159065485295,0.022933333333333333,-0.02998349239881861,-0.029538446591431376,-0.02759744017378052,0.11737070132830757,-0.25545977027903444,1.9111111111111112,-0.28749698159576864,-0.2498611690102137,-0.04416943210961502,0.021599999999999998,-0.06576943210961501,-0.0636532691048798,-0.07426457719168544,0.13533666575429742,-0.4859690590354787,1.8,-0.29023816120793744,-0.2519146185571899,-0.06956223236523376,0.02142857142857143,-0.09099080379380522,-0.08697389276299812,-0.10201614232363987,0.1486543118240876,-0.6120966333050643,1.7857142857142858,-0.27431294609154316,-0.23990583046257086
504,42,EQUAL_WEIGHT_9,POST_OOS_EXPLORATORY — NOT VALIDATION — CANNOT RESCUE RSR_001,200,0.06691666666666667,0.08333333333333334,0.56,0.003199360127974405,0.008998200359928014,88,-0.007575757575757569,-0.041666666666666664,0.4659090909090909,0.5882823435312937,0.5236952609478105,30,0.00944444444444444,0.03333333333333333,0.5333333333333333,0.4363127374525095,0.3243351329734053,30,-0.016666666666666656,-0.008333333333333333,0.5,0.6134773045390922,0.5364927014597081,28,-0.016071428571428566,-0.06666666666666667,0.35714285714285715,0.586882623475305,0.5662867426514697,1,0.026111111111111095,MIXED,0.04199160167966407,0.10797840431913616,1.0,1.0,1.0,1.0,1.0,1.0,1.0,1.0,NONINCREASING,NONDECREASING,20,0.05146727104379445,0.048080000000000005,0.0033872710437944536,0.003393014329213788,0.00015963241592320543,0.10932194626014305,0.03098436461910481,2.003333333333333,-0.41385343964720117,-0.33890216510199334,-0.03959466183499494,0.044,-0.08359466183499493,-0.08019598778564437,-0.08820931542290666,0.13341645197578456,-0.6265693667986882,1.833333333333333,-0.7379837380548196,-0.5219231273869416,-0.007050159065485295,0.04586666666666667,-0.05291682573215196,-0.05154110342400399,-0.04975598159880246,0.11765462074533492,-0.44976410953456025,1.9111111111111112,-0.30949698159576866,-0.2661840136515117,-0.04416943210961502,0.043199999999999995,-0.08736943210961501,-0.08366149177374234,-0.09425024984693953,0.13573514932344005,-0.6436758094355094,1.8,-0.3315714945412707,-0.2822051640303256,-0.06956223236523376,0.04285714285714286,-0.11241937522237665,-0.10633060389966095,-0.12144922492900001,0.15012783629607707,-0.7488243219642954,1.7857142857142858,-0.3083129460915431,-0.2653146348840111
