symbol,field_name,classification,emitted,remediation_action
SPY,chartPreviousClose,OUT_OF_SCOPE_DYNAMIC,False,EXCLUDED_FROM_CANONICAL_ARTIFACTS
SPY,currency,AUTHORIZED_STATIC,True,EMITTED_CANONICAL
SPY,currentTradingPeriod,OUT_OF_SCOPE_DYNAMIC,False,EXCLUDED_FROM_CANONICAL_ARTIFACTS
SPY,dataGranularity,AUTHORIZED_STATIC,True,EMITTED_CANONICAL
SPY,exchangeName,AUTHORIZED_STATIC,True,EMITTED_CANONICAL
SPY,exchangeTimezoneName,AUTHORIZED_STATIC,True,EMITTED_CANONICAL
SPY,fiftyTwoWeekHigh,OUT_OF_SCOPE_DYNAMIC,False,EXCLUDED_FROM_CANONICAL_ARTIFACTS
SPY,fiftyTwoWeekLow,OUT_OF_SCOPE_DYNAMIC,False,EXCLUDED_FROM_CANONICAL_ARTIFACTS
SPY,firstTradeDate,AUTHORIZED_STATIC,True,EMITTED_CANONICAL
SPY,fullExchangeName,AUTHORIZED_STATIC,True,EMITTED_CANONICAL
SPY,gmtoffset,AUTHORIZED_STATIC,True,EMITTED_CANONICAL
SPY,hasPrePostMarketData,AUTHORIZED_STATIC,True,EMITTED_CANONICAL
SPY,instrumentType,AUTHORIZED_STATIC,True,EMITTED_CANONICAL
SPY,longName,OUT_OF_SCOPE_DYNAMIC,False,EXCLUDED_FROM_CANONICAL_ARTIFACTS
SPY,priceHint,AUTHORIZED_STATIC,True,EMITTED_CANONICAL
SPY,range,OUT_OF_SCOPE_DYNAMIC,False,EXCLUDED_FROM_CANONICAL_ARTIFACTS
SPY,regularMarketDayHigh,OUT_OF_SCOPE_DYNAMIC,False,EXCLUDED_FROM_CANONICAL_ARTIFACTS
SPY,regularMarketDayLow,OUT_OF_SCOPE_DYNAMIC,False,EXCLUDED_FROM_CANONICAL_ARTIFACTS
SPY,regularMarketPrice,OUT_OF_SCOPE_DYNAMIC,False,EXCLUDED_FROM_CANONICAL_ARTIFACTS
SPY,regularMarketTime,OUT_OF_SCOPE_DYNAMIC,False,EXCLUDED_FROM_CANONICAL_ARTIFACTS
SPY,regularMarketVolume,OUT_OF_SCOPE_DYNAMIC,False,EXCLUDED_FROM_CANONICAL_ARTIFACTS
SPY,shortName,OUT_OF_SCOPE_DYNAMIC,False,EXCLUDED_FROM_CANONICAL_ARTIFACTS
SPY,symbol,AUTHORIZED_STATIC,True,EMITTED_CANONICAL
SPY,timezone,AUTHORIZED_STATIC,True,EMITTED_CANONICAL
SPY,validRanges,AUTHORIZED_STATIC,True,EMITTED_CANONICAL
QQQ,chartPreviousClose,OUT_OF_SCOPE_DYNAMIC,False,EXCLUDED_FROM_CANONICAL_ARTIFACTS
QQQ,currency,AUTHORIZED_STATIC,True,EMITTED_CANONICAL
QQQ,currentTradingPeriod,OUT_OF_SCOPE_DYNAMIC,False,EXCLUDED_FROM_CANONICAL_ARTIFACTS
QQQ,dataGranularity,AUTHORIZED_STATIC,True,EMITTED_CANONICAL
QQQ,exchangeName,AUTHORIZED_STATIC,True,EMITTED_CANONICAL
QQQ,exchangeTimezoneName,AUTHORIZED_STATIC,True,EMITTED_CANONICAL
QQQ,fiftyTwoWeekHigh,OUT_OF_SCOPE_DYNAMIC,False,EXCLUDED_FROM_CANONICAL_ARTIFACTS
QQQ,fiftyTwoWeekLow,OUT_OF_SCOPE_DYNAMIC,False,EXCLUDED_FROM_CANONICAL_ARTIFACTS
QQQ,firstTradeDate,AUTHORIZED_STATIC,True,EMITTED_CANONICAL
QQQ,fullExchangeName,AUTHORIZED_STATIC,True,EMITTED_CANONICAL
QQQ,gmtoffset,AUTHORIZED_STATIC,True,EMITTED_CANONICAL
QQQ,hasPrePostMarketData,AUTHORIZED_STATIC,True,EMITTED_CANONICAL
QQQ,instrumentType,AUTHORIZED_STATIC,True,EMITTED_CANONICAL
QQQ,longName,OUT_OF_SCOPE_DYNAMIC,False,EXCLUDED_FROM_CANONICAL_ARTIFACTS
QQQ,priceHint,AUTHORIZED_STATIC,True,EMITTED_CANONICAL
QQQ,range,OUT_OF_SCOPE_DYNAMIC,False,EXCLUDED_FROM_CANONICAL_ARTIFACTS
QQQ,regularMarketDayHigh,OUT_OF_SCOPE_DYNAMIC,False,EXCLUDED_FROM_CANONICAL_ARTIFACTS
QQQ,regularMarketDayLow,OUT_OF_SCOPE_DYNAMIC,False,EXCLUDED_FROM_CANONICAL_ARTIFACTS
QQQ,regularMarketPrice,OUT_OF_SCOPE_DYNAMIC,False,EXCLUDED_FROM_CANONICAL_ARTIFACTS
QQQ,regularMarketTime,OUT_OF_SCOPE_DYNAMIC,False,EXCLUDED_FROM_CANONICAL_ARTIFACTS
QQQ,regularMarketVolume,OUT_OF_SCOPE_DYNAMIC,False,EXCLUDED_FROM_CANONICAL_ARTIFACTS
QQQ,shortName,OUT_OF_SCOPE_DYNAMIC,False,EXCLUDED_FROM_CANONICAL_ARTIFACTS
QQQ,symbol,AUTHORIZED_STATIC,True,EMITTED_CANONICAL
QQQ,timezone,AUTHORIZED_STATIC,True,EMITTED_CANONICAL
QQQ,validRanges,AUTHORIZED_STATIC,True,EMITTED_CANONICAL
IWM,chartPreviousClose,OUT_OF_SCOPE_DYNAMIC,False,EXCLUDED_FROM_CANONICAL_ARTIFACTS
IWM,currency,AUTHORIZED_STATIC,True,EMITTED_CANONICAL
IWM,currentTradingPeriod,OUT_OF_SCOPE_DYNAMIC,False,EXCLUDED_FROM_CANONICAL_ARTIFACTS
IWM,dataGranularity,AUTHORIZED_STATIC,True,EMITTED_CANONICAL
IWM,exchangeName,AUTHORIZED_STATIC,True,EMITTED_CANONICAL
IWM,exchangeTimezoneName,AUTHORIZED_STATIC,True,EMITTED_CANONICAL
IWM,fiftyTwoWeekHigh,OUT_OF_SCOPE_DYNAMIC,False,EXCLUDED_FROM_CANONICAL_ARTIFACTS
IWM,fiftyTwoWeekLow,OUT_OF_SCOPE_DYNAMIC,False,EXCLUDED_FROM_CANONICAL_ARTIFACTS
IWM,firstTradeDate,AUTHORIZED_STATIC,True,EMITTED_CANONICAL
IWM,fullExchangeName,AUTHORIZED_STATIC,True,EMITTED_CANONICAL
IWM,gmtoffset,AUTHORIZED_STATIC,True,EMITTED_CANONICAL
IWM,hasPrePostMarketData,AUTHORIZED_STATIC,True,EMITTED_CANONICAL
IWM,instrumentType,AUTHORIZED_STATIC,True,EMITTED_CANONICAL
IWM,longName,OUT_OF_SCOPE_DYNAMIC,False,EXCLUDED_FROM_CANONICAL_ARTIFACTS
IWM,priceHint,AUTHORIZED_STATIC,True,EMITTED_CANONICAL
IWM,range,OUT_OF_SCOPE_DYNAMIC,False,EXCLUDED_FROM_CANONICAL_ARTIFACTS
IWM,regularMarketDayHigh,OUT_OF_SCOPE_DYNAMIC,False,EXCLUDED_FROM_CANONICAL_ARTIFACTS
IWM,regularMarketDayLow,OUT_OF_SCOPE_DYNAMIC,False,EXCLUDED_FROM_CANONICAL_ARTIFACTS
IWM,regularMarketPrice,OUT_OF_SCOPE_DYNAMIC,False,EXCLUDED_FROM_CANONICAL_ARTIFACTS
IWM,regularMarketTime,OUT_OF_SCOPE_DYNAMIC,False,EXCLUDED_FROM_CANONICAL_ARTIFACTS
IWM,regularMarketVolume,OUT_OF_SCOPE_DYNAMIC,False,EXCLUDED_FROM_CANONICAL_ARTIFACTS
IWM,shortName,OUT_OF_SCOPE_DYNAMIC,False,EXCLUDED_FROM_CANONICAL_ARTIFACTS
IWM,symbol,AUTHORIZED_STATIC,True,EMITTED_CANONICAL
IWM,timezone,AUTHORIZED_STATIC,True,EMITTED_CANONICAL
IWM,validRanges,AUTHORIZED_STATIC,True,EMITTED_CANONICAL
DIA,chartPreviousClose,OUT_OF_SCOPE_DYNAMIC,False,EXCLUDED_FROM_CANONICAL_ARTIFACTS
DIA,currency,AUTHORIZED_STATIC,True,EMITTED_CANONICAL
DIA,currentTradingPeriod,OUT_OF_SCOPE_DYNAMIC,False,EXCLUDED_FROM_CANONICAL_ARTIFACTS
DIA,dataGranularity,AUTHORIZED_STATIC,True,EMITTED_CANONICAL
DIA,exchangeName,AUTHORIZED_STATIC,True,EMITTED_CANONICAL
DIA,exchangeTimezoneName,AUTHORIZED_STATIC,True,EMITTED_CANONICAL
DIA,fiftyTwoWeekHigh,OUT_OF_SCOPE_DYNAMIC,False,EXCLUDED_FROM_CANONICAL_ARTIFACTS
DIA,fiftyTwoWeekLow,OUT_OF_SCOPE_DYNAMIC,False,EXCLUDED_FROM_CANONICAL_ARTIFACTS
DIA,firstTradeDate,AUTHORIZED_STATIC,True,EMITTED_CANONICAL
DIA,fullExchangeName,AUTHORIZED_STATIC,True,EMITTED_CANONICAL
DIA,gmtoffset,AUTHORIZED_STATIC,True,EMITTED_CANONICAL
DIA,hasPrePostMarketData,AUTHORIZED_STATIC,True,EMITTED_CANONICAL
DIA,instrumentType,AUTHORIZED_STATIC,True,EMITTED_CANONICAL
DIA,longName,OUT_OF_SCOPE_DYNAMIC,False,EXCLUDED_FROM_CANONICAL_ARTIFACTS
DIA,priceHint,AUTHORIZED_STATIC,True,EMITTED_CANONICAL
DIA,range,OUT_OF_SCOPE_DYNAMIC,False,EXCLUDED_FROM_CANONICAL_ARTIFACTS
DIA,regularMarketDayHigh,OUT_OF_SCOPE_DYNAMIC,False,EXCLUDED_FROM_CANONICAL_ARTIFACTS
DIA,regularMarketDayLow,OUT_OF_SCOPE_DYNAMIC,False,EXCLUDED_FROM_CANONICAL_ARTIFACTS
DIA,regularMarketPrice,OUT_OF_SCOPE_DYNAMIC,False,EXCLUDED_FROM_CANONICAL_ARTIFACTS
DIA,regularMarketTime,OUT_OF_SCOPE_DYNAMIC,False,EXCLUDED_FROM_CANONICAL_ARTIFACTS
DIA,regularMarketVolume,OUT_OF_SCOPE_DYNAMIC,False,EXCLUDED_FROM_CANONICAL_ARTIFACTS
DIA,shortName,OUT_OF_SCOPE_DYNAMIC,False,EXCLUDED_FROM_CANONICAL_ARTIFACTS
DIA,symbol,AUTHORIZED_STATIC,True,EMITTED_CANONICAL
DIA,timezone,AUTHORIZED_STATIC,True,EMITTED_CANONICAL
DIA,validRanges,AUTHORIZED_STATIC,True,EMITTED_CANONICAL
MDY,chartPreviousClose,OUT_OF_SCOPE_DYNAMIC,False,EXCLUDED_FROM_CANONICAL_ARTIFACTS
MDY,currency,AUTHORIZED_STATIC,True,EMITTED_CANONICAL
MDY,currentTradingPeriod,OUT_OF_SCOPE_DYNAMIC,False,EXCLUDED_FROM_CANONICAL_ARTIFACTS
MDY,dataGranularity,AUTHORIZED_STATIC,True,EMITTED_CANONICAL
MDY,exchangeName,AUTHORIZED_STATIC,True,EMITTED_CANONICAL
MDY,exchangeTimezoneName,AUTHORIZED_STATIC,True,EMITTED_CANONICAL
MDY,fiftyTwoWeekHigh,OUT_OF_SCOPE_DYNAMIC,False,EXCLUDED_FROM_CANONICAL_ARTIFACTS
MDY,fiftyTwoWeekLow,OUT_OF_SCOPE_DYNAMIC,False,EXCLUDED_FROM_CANONICAL_ARTIFACTS
MDY,firstTradeDate,AUTHORIZED_STATIC,True,EMITTED_CANONICAL
MDY,fullExchangeName,AUTHORIZED_STATIC,True,EMITTED_CANONICAL
MDY,gmtoffset,AUTHORIZED_STATIC,True,EMITTED_CANONICAL
MDY,hasPrePostMarketData,AUTHORIZED_STATIC,True,EMITTED_CANONICAL
MDY,instrumentType,AUTHORIZED_STATIC,True,EMITTED_CANONICAL
MDY,longName,OUT_OF_SCOPE_DYNAMIC,False,EXCLUDED_FROM_CANONICAL_ARTIFACTS
MDY,priceHint,AUTHORIZED_STATIC,True,EMITTED_CANONICAL
MDY,range,OUT_OF_SCOPE_DYNAMIC,False,EXCLUDED_FROM_CANONICAL_ARTIFACTS
MDY,regularMarketDayHigh,OUT_OF_SCOPE_DYNAMIC,False,EXCLUDED_FROM_CANONICAL_ARTIFACTS
MDY,regularMarketDayLow,OUT_OF_SCOPE_DYNAMIC,False,EXCLUDED_FROM_CANONICAL_ARTIFACTS
MDY,regularMarketPrice,OUT_OF_SCOPE_DYNAMIC,False,EXCLUDED_FROM_CANONICAL_ARTIFACTS
MDY,regularMarketTime,OUT_OF_SCOPE_DYNAMIC,False,EXCLUDED_FROM_CANONICAL_ARTIFACTS
MDY,regularMarketVolume,OUT_OF_SCOPE_DYNAMIC,False,EXCLUDED_FROM_CANONICAL_ARTIFACTS
MDY,shortName,OUT_OF_SCOPE_DYNAMIC,False,EXCLUDED_FROM_CANONICAL_ARTIFACTS
MDY,symbol,AUTHORIZED_STATIC,True,EMITTED_CANONICAL
MDY,timezone,AUTHORIZED_STATIC,True,EMITTED_CANONICAL
MDY,validRanges,AUTHORIZED_STATIC,True,EMITTED_CANONICAL
