symbol,action_date,action_type,previous_session_date,event_session_present,following_session_date,raw_close_previous,raw_open_event,raw_close_event,raw_close_following,adj_close_previous,adj_close_event,event_split_factor,raw_scale_previous_to_event_open,raw_scale_event_to_following_close,adj_scale_previous_to_event,split_scale_status
SPY,2003-03-21,DIVIDEND,2003-03-20,True,2003-03-24,88.1500015258789,88.80000305175781,89.66999816894531,86.69000244140625,57.42671203613281,58.6524658203125,,0.9926801632484173,1.0343753102274191,0.9791014108778495,NOT_APPLICABLE
SPY,2003-06-20,DIVIDEND,2003-06-19,True,2003-06-23,100.0199966430664,100.38999938964844,99.44000244140625,98.41999816894531,65.42233276367188,65.27790069580078,,0.9963143465600999,1.0103637908091607,1.002212572192604,NOT_APPLICABLE
SPY,2003-09-19,DIVIDEND,2003-09-18,True,2003-09-22,104.5999984741211,104.2699966430664,103.66999816894531,102.55000305175781,68.66523742675781,68.31595611572266,,1.003164878121022,1.0109214537675073,1.0051127339920924,NOT_APPLICABLE
SPY,2003-12-19,DIVIDEND,2003-12-18,True,2003-12-22,109.72000122070312,109.30000305175781,108.9000015258789,109.66000366210938,72.30281829833984,72.10151672363281,,1.0038426180898314,0.9930694682577959,1.0027919187259073,NOT_APPLICABLE
SPY,2004-03-19,DIVIDEND,2004-03-18,True,2004-03-22,113.06999969482422,112.41000366210938,111.05999755859375,109.6500015258789,74.8624038696289,73.78936767578125,,1.0058713282734044,1.0128590607669263,1.0145418808650375,NOT_APPLICABLE
SPY,2004-06-18,DIVIDEND,2004-06-17,True,2004-06-21,113.83000183105469,113.2699966430664,113.62999725341797,113.19999694824219,75.62982177734375,75.77251434326172,,1.00494398520866,1.0037985893707435,0.9981168294710197,NOT_APPLICABLE
SPY,2004-09-17,DIVIDEND,2004-09-16,True,2004-09-20,113.13999938964844,112.94999694824219,113.1500015258789,112.47000122070312,75.44576263427734,75.76652526855469,,1.0016821819082768,1.006046059374014,0.9957664333537747,NOT_APPLICABLE
SPY,2004-11-15,DIVIDEND,2004-11-12,True,2004-11-16,118.79000091552734,118.5,118.7300033569336,117.87999725341797,79.54312133789062,79.738525390625,,1.0024472651099354,1.0072107747142909,0.997549439850096,NOT_APPLICABLE
SPY,2004-12-17,DIVIDEND,2004-12-16,True,2004-12-20,120.80999755859375,119.45999908447266,119.44000244140625,119.47000122070312,81.1354751586914,80.59432983398438,,1.011300841155762,0.9997489011551824,1.0067144342017824,NOT_APPLICABLE
SPY,2005-03-18,DIVIDEND,2005-03-17,True,2005-03-21,119.36000061035156,119.11000061035156,118.54000091552734,118.0999984741211,80.54033660888672,80.30117797851562,,1.0020989001655523,1.0037256769440406,1.002978270510989,NOT_APPLICABLE
SPY,2005-06-17,DIVIDEND,2005-06-16,True,2005-06-20,121.4000015258789,121.54000091552734,121.36000061035156,121.4000015258789,82.23860168457031,82.54331970214844,,0.998848120877128,0.999670503171132,0.9963083866910408,NOT_APPLICABLE
SPY,2005-09-16,DIVIDEND,2005-09-15,True,2005-09-19,123.1500015258789,123.30000305175781,123.5,123.08999633789062,83.76077270507812,84.35639953613281,,0.9987834426426093,1.0033309259428678,0.9929391624781287,NOT_APPLICABLE
SPY,2005-12-16,DIVIDEND,2005-12-15,True,2005-12-19,127.44000244140625,127.27999877929688,126.36000061035156,125.70999908447266,87.04759216308594,86.76746368408203,,1.0012570998086416,1.0051706429927036,1.0032284968017948,NOT_APPLICABLE
SPY,2006-03-17,DIVIDEND,2006-03-16,True,2006-03-20,131.02999877929688,130.67999267578125,130.6199951171875,130.41000366210938,89.9742202758789,90.04932403564453,,1.0026783449887695,1.001610240389397,0.9991659708657458,NOT_APPLICABLE
SPY,2006-06-16,DIVIDEND,2006-06-15,True,2006-06-19,126.12000274658203,125.29000091552734,124.6500015258789,123.66999816894531,86.94705963134766,86.31344604492188,,1.006624645422537,1.00792434197011,1.0073408445086993,NOT_APPLICABLE
SPY,2006-09-15,DIVIDEND,2006-09-14,True,2006-09-18,132.22999572753906,132.30999755859375,131.9600067138672,132.13999938964844,91.56219482421875,91.77709197998047,,0.9993953455329839,0.9986378638064732,0.9976584880701101,NOT_APPLICABLE
SPY,2006-12-15,DIVIDEND,2006-12-14,True,2006-12-18,143.1199951171875,142.63999938964844,142.33999633789062,141.9499969482422,99.53878784179688,99.54788208007812,,1.003365085036406,1.0027474420432052,0.9999086445829763,NOT_APPLICABLE
SPY,2007-03-16,DIVIDEND,2007-03-15,True,2007-03-19,139.47000122070312,139.30999755859375,138.52999877929688,140.1999969482422,97.54073333740234,97.26753234863281,,1.0011485440019627,0.9880884578794832,1.0028087582996381,NOT_APPLICABLE
SPY,2007-06-15,DIVIDEND,2007-06-14,True,2007-06-18,152.86000061035156,153.13999938964844,153.07000732421875,152.88999938964844,107.32923126220703,107.9399185180664,,0.9981716156431185,1.001177368927261,0.9943423409592702,NOT_APPLICABLE
SPY,2007-09-21,DIVIDEND,2007-09-20,True,2007-09-24,152.27999877929688,152.7100067138672,151.97000122070312,151.69000244140625,107.38285827636719,107.67262268066406,,0.9971841535219363,1.001845861789112,0.9973088386157709,NOT_APPLICABLE
SPY,2007-12-21,DIVIDEND,2007-12-20,True,2007-12-24,146.8000030517578,147.3699951171875,148.1300048828125,149.22999572753906,104.00957489013672,105.50896453857422,,0.996132238011025,0.9926288891227009,0.9857889833816982,NOT_APPLICABLE
SPY,2008-03-20,DIVIDEND,2008-03-19,True,2008-03-24,130.32000732421875,130.0500030517578,132.0800018310547,134.72000122070312,92.82335662841797,94.54270935058594,,1.0020761573712034,0.9804038051831406,0.981814010472323,NOT_APPLICABLE
SPY,2008-06-20,DIVIDEND,2008-06-19,True,2008-06-23,134.4199981689453,132.83999633789062,131.5800018310547,131.4499969482422,96.21766662597656,94.65592956542969,,1.0118940219407702,1.0009890063585447,1.0164990937991618,NOT_APPLICABLE
SPY,2008-09-19,DIVIDEND,2008-09-18,True,2008-09-22,120.06999969482422,126.69999694824219,124.12000274658203,121.30999755859375,86.37586975097656,89.80618286132812,,0.9476716857686558,1.0231638384678974,0.9618031520652828,NOT_APPLICABLE
SPY,2008-12-19,DIVIDEND,2008-12-18,True,2008-12-22,89.29000091552734,89.0999984741211,88.19000244140625,87.05999755859375,64.60517120361328,64.3272705078125,,1.0021324629030317,1.0129796107799334,1.0043201070651215,NOT_APPLICABLE
SPY,2009-03-20,DIVIDEND,2009-03-19,True,2009-03-23,78.94000244140625,78.76000213623047,76.70999908447266,82.22000122070312,57.580169677734375,56.35403823852539,,1.0022854278859012,0.9329846502745728,1.0217576499845358,NOT_APPLICABLE
SPY,2009-06-19,DIVIDEND,2009-06-18,True,2009-06-22,92.22000122070312,92.58000183105469,92.04000091552734,89.27999877929688,67.74827575683594,67.99797058105469,,0.996111464644292,1.0309140028446158,0.9963279076995231,NOT_APPLICABLE
SPY,2009-09-18,DIVIDEND,2009-09-17,True,2009-09-21,107.16000366210938,107.1500015258789,106.72000122070312,106.44999694824219,79.1684341430664,79.21888732910156,,1.0000933470470186,1.0025364422752612,0.9993631167044097,NOT_APPLICABLE
SPY,2009-12-18,DIVIDEND,2009-12-17,True,2009-12-21,110.18000030517578,110.19999694824219,110.20999908447266,111.33000183105469,81.78732299804688,82.25000762939453,,0.9998185422539004,0.9899397940522658,0.9943746554598215,NOT_APPLICABLE
SPY,2010-03-19,DIVIDEND,2010-03-18,True,2010-03-22,117.04000091552734,115.97000122070312,115.97000122070312,116.58999633789062,87.3472671508789,86.90512084960938,,1.0092265213724358,0.9946822614575723,1.0050876898501144,NOT_APPLICABLE
SPY,2010-06-18,DIVIDEND,2010-06-17,True,2010-06-21,112.13999938964844,111.83000183105469,111.7300033569336,111.41000366210938,84.03504943847656,84.12613677978516,,1.0027720428643296,1.0028722707504323,0.9989172527730944,NOT_APPLICABLE
SPY,2010-09-17,DIVIDEND,2010-09-16,True,2010-09-20,113.05000305175781,113.04000091552734,112.48999786376953,114.20999908447266,85.12000274658203,85.15180206298828,,1.000088483157727,0.984940011956125,0.9996265573289602,NOT_APPLICABLE
SPY,2010-12-17,DIVIDEND,2010-12-16,True,2010-12-20,124.81999969482422,124.08000183105469,124.30000305175781,124.5999984741211,94.48529815673828,94.58647918701172,,1.0059638769571997,0.997592332054277,0.9989302801928658,NOT_APPLICABLE
SPY,2011-03-18,DIVIDEND,2011-03-17,True,2011-03-21,127.8499984741211,128.83999633789062,127.76000213623047,129.74000549316406,97.28784942626953,97.64170837402344,,0.99231606727795,0.9847386829574482,0.99637594473052,NOT_APPLICABLE
SPY,2011-06-17,DIVIDEND,2011-06-16,True,2011-06-20,127.30000305175781,127.93000030517578,127.05000305175781,127.69999694824219,97.29016876220703,97.58049774169922,,0.9950754533579683,0.9949099928581218,0.9970247233185805,NOT_APPLICABLE
SPY,2011-09-16,DIVIDEND,2011-09-15,True,2011-09-19,121.43000030517578,121.29000091552734,121.5199966430664,120.30999755859375,93.26405334472656,93.81604766845703,,1.0011542533481053,1.010057344435431,0.9941162057297361,NOT_APPLICABLE
SPY,2011-12-16,DIVIDEND,2011-12-15,True,2011-12-19,122.18000030517578,122.2300033569336,121.58999633789062,120.29000091552734,94.3255844116211,94.46543884277344,,0.9995909101662069,1.0108071777576608,0.998519517477867,NOT_APPLICABLE
SPY,2012-03-16,DIVIDEND,2012-03-15,True,2012-03-19,140.72000122070312,140.36000061035156,140.3000030517578,140.85000610351562,109.32789611816406,109.479248046875,,1.0025648376231555,0.9960951151727065,0.9986175286055479,NOT_APPLICABLE
SPY,2012-06-15,DIVIDEND,2012-06-14,True,2012-06-18,133.47000122070312,133.3800048828125,134.13999938964844,134.39999389648438,104.1496810913086,105.21479797363281,,1.000674736351747,0.9980655169743818,0.9898767387968455,NOT_APPLICABLE
SPY,2012-09-21,DIVIDEND,2012-09-20,True,2012-09-24,146.7100067138672,146.63999938964844,145.8699951171875,145.64999389648438,115.07427215576172,115.02616119384766,,1.0004774094688362,1.001510478749896,1.000418261040921,NOT_APPLICABLE
SPY,2012-12-21,DIVIDEND,2012-12-20,True,2012-12-24,145.1199951171875,142.1699981689453,142.7899932861328,142.35000610351562,114.43480682373047,113.39604949951172,,1.0207497853712892,1.003090882780133,1.0091604366184135,NOT_APPLICABLE
SPY,2013-03-15,DIVIDEND,2013-03-14,True,2013-03-18,156.72999572753906,155.85000610351562,155.8300018310547,154.97000122070312,124.46643829345703,124.30205535888672,,1.0056463881267925,1.005549465080837,1.0013224474373792,NOT_APPLICABLE
SPY,2013-06-21,DIVIDEND,2013-06-20,True,2013-06-24,159.39999389648438,159.63999938964844,159.07000732421875,157.05999755859375,127.1498031616211,127.5579605102539,,0.9984965829736803,1.012797719322994,0.9968002204880032,NOT_APPLICABLE
SPY,2013-09-20,DIVIDEND,2013-09-19,True,2013-09-23,172.75999450683594,172.3300018310547,170.72000122070312,169.92999267578125,138.5359649658203,137.5673828125,,1.002495170145723,1.0046490235919046,1.0070407834583903,NOT_APPLICABLE
SPY,2013-12-20,DIVIDEND,2013-12-19,True,2013-12-23,181.49000549316406,180.69000244140625,181.55999755859375,182.52999877929688,146.24595642089844,147.09664916992188,,1.0044274892963003,0.9946857983499141,0.9942167768346596,NOT_APPLICABLE
SPY,2014-03-21,DIVIDEND,2014-03-20,True,2014-03-24,187.75,187.7100067138672,186.1999969482422,185.42999267578125,152.1116485595703,151.52166748046875,,1.0002130588924532,1.004152533586124,1.003893707671727,NOT_APPLICABLE
SPY,2014-06-20,DIVIDEND,2014-06-19,True,2014-06-23,196.47999572753906,196.02999877929688,195.94000244140625,195.8800048828125,159.8871307373047,160.21168518066406,,1.0022955514515348,1.0003062975142851,0.9979742149082734,NOT_APPLICABLE
SPY,2014-09-19,DIVIDEND,2014-09-18,True,2014-09-22,201.82000732421875,201.52000427246094,200.6999969482422,199.14999389648438,165.0195770263672,164.870849609375,,1.0014887010986373,1.0077830936442984,1.0009020843729777,NOT_APPLICABLE
SPY,2014-12-19,DIVIDEND,2014-12-18,True,2014-12-22,206.77999877929688,206.42999267578125,206.52000427246094,207.47000122070312,169.86541748046875,170.58822631835938,,1.0016955196237658,0.9954210394628012,0.9957628445204554,NOT_APPLICABLE
SPY,2015-03-20,DIVIDEND,2015-03-19,True,2015-03-23,209.5,209.7100067138672,210.41000366210938,210.0,173.0497283935547,174.57720947265625,,0.9989985851550054,1.001952398390997,0.9912503981263326,NOT_APPLICABLE
SPY,2015-06-19,DIVIDEND,2015-06-18,True,2015-06-22,212.77999877929688,211.4600067138672,210.80999755859375,211.88999938964844,176.5436248779297,175.7599334716797,,1.0062422776105167,0.9949030070594854,1.0044588740492228,NOT_APPLICABLE
SPY,2015-09-18,DIVIDEND,2015-09-17,True,2015-09-21,199.72999572753906,195.7100067138672,195.4499969482422,196.4600067138672,166.52206420898438,163.80087280273438,,1.0205405389390703,0.9948589548452168,1.0166128016272975,NOT_APPLICABLE
SPY,2015-12-18,DIVIDEND,2015-12-17,True,2015-12-21,204.86000061035156,202.77000427246094,200.02000427246094,201.6699981689453,171.68711853027344,168.62855529785156,,1.0103072263838506,0.9918183472431922,1.0181378724796608,NOT_APPLICABLE
SPY,2016-03-18,DIVIDEND,2016-03-17,True,2016-03-21,204.6300048828125,204.1699981689453,204.3800048828125,204.6699981689453,172.51498413085938,173.19296264648438,,1.002253057344334,0.998583117756744,0.9960854153352128,NOT_APPLICABLE
SPY,2016-06-17,DIVIDEND,2016-06-16,True,2016-06-20,208.3699951171875,207.1699981689453,206.52000427246094,207.85000610351562,176.5740966796875,175.91647338867188,,1.005792329771918,0.9936011460572568,1.003738270091185,NOT_APPLICABLE
SPY,2016-09-16,DIVIDEND,2016-09-15,True,2016-09-19,215.27999877929688,213.47999572753906,213.3699951171875,213.41000366210938,183.37840270996094,182.66954040527344,,1.0084317176680813,0.9998125273218906,1.0038805720051345,NOT_APPLICABLE
SPY,2016-12-16,DIVIDEND,2016-12-15,True,2016-12-19,226.80999755859375,226.00999450683594,225.0399932861328,225.52999877929688,194.1756591796875,193.79588317871094,,1.0035396799752305,0.9978273156750044,1.0019596701165543,NOT_APPLICABLE
QQQ,2003-12-24,DIVIDEND,2003-12-23,True,2003-12-26,35.84000015258789,35.84000015258789,35.900001525878906,35.849998474121094,30.200042724609375,30.26241683959961,,1.0,1.001394785324577,0.9979388918168421,NOT_APPLICABLE
QQQ,2004-12-17,DIVIDEND,2004-12-16,True,2004-12-20,39.95000076293945,39.63999938964844,39.470001220703125,39.20000076293945,33.676429748535156,33.5904655456543,,1.0078204182155455,1.0068877666456306,1.0025591846223156,NOT_APPLICABLE
QQQ,2005-06-17,DIVIDEND,2005-06-16,True,2005-06-20,37.900001525878906,38.11000061035156,37.869998931884766,37.869998931884766,32.254356384277344,32.25859832763672,,0.994489659377869,1.0,0.99986850193191,NOT_APPLICABLE
QQQ,2005-12-16,DIVIDEND,2005-12-15,True,2005-12-19,41.970001220703125,41.86000061035156,41.58000183105469,40.91999816894531,35.7510986328125,35.504302978515625,,1.0026278215181,1.0161291224741613,1.0069511477086655,NOT_APPLICABLE
QQQ,2006-03-17,DIVIDEND,2006-03-16,True,2006-03-20,41.369998931884766,41.34000015258789,41.45000076293945,41.54999923706055,35.32501220703125,35.418128967285156,,1.0007256598738787,0.9975932978108962,0.997370929437297,NOT_APPLICABLE
QQQ,2006-06-16,DIVIDEND,2006-06-15,True,2006-06-19,38.650001525878906,38.54999923706055,38.34000015258789,38.029998779296875,33.025596618652344,32.782752990722656,,1.0025940931464978,1.0081514957465572,1.007407664267806,NOT_APPLICABLE
QQQ,2006-09-15,DIVIDEND,2006-09-14,True,2006-09-18,39.9900016784668,40.29999923706055,40.11000061035156,40.119998931884766,34.19361877441406,34.31590270996094,,0.9923077527428668,0.9997507895862565,0.9964365228395586,NOT_APPLICABLE
QQQ,2006-12-15,DIVIDEND,2006-12-14,True,2006-12-18,44.369998931884766,44.68000030517578,44.43000030517578,43.9900016784668,37.960575103759766,38.05820846557617,,0.9930617419164363,1.0100022416440226,0.997434630642041,NOT_APPLICABLE
QQQ,2007-03-16,DIVIDEND,2007-03-15,True,2007-03-19,42.88999938964844,42.939998626708984,42.83000183105469,43.27000045776367,36.739070892333984,36.71078109741211,,0.9988356022668933,0.9898313237334381,1.0007706127212823,NOT_APPLICABLE
QQQ,2007-06-15,DIVIDEND,2007-06-14,True,2007-06-18,47.36000061035156,47.7599983215332,47.7599983215332,47.77000045776367,40.59357833862305,40.96844482421875,,0.9916248382487631,0.9997906188793255,0.9908498726958243,NOT_APPLICABLE
QQQ,2007-09-21,DIVIDEND,2007-09-20,True,2007-09-24,50.029998779296875,50.279998779296875,50.36000061035156,50.59000015258789,42.915645599365234,43.22117614746094,,0.9950278439524756,0.9954536560280172,0.992930998752711,NOT_APPLICABLE
QQQ,2007-12-21,DIVIDEND,2007-12-20,True,2007-12-24,50.900001525878906,51.68000030517578,51.849998474121094,52.2400016784668,43.68462371826172,44.546356201171875,,0.9849071444525754,0.9925343952562226,0.9806553766369002,NOT_APPLICABLE
QQQ,2008-03-20,DIVIDEND,2008-03-19,True,2008-03-24,42.2599983215332,42.349998474121094,43.09000015258789,44.58000183105469,36.30718994140625,37.0492057800293,,0.9978748487407175,0.9665769040541211,0.9799721526278165,NOT_APPLICABLE
QQQ,2008-06-20,DIVIDEND,2008-06-19,True,2008-06-23,48.77000045776367,48.33000183105469,47.41999816894531,47.04999923706055,41.932952880859375,40.80064392089844,,1.0091040473833846,1.0078639519210304,1.027752232591137,NOT_APPLICABLE
QQQ,2008-09-19,DIVIDEND,2008-09-18,True,2008-09-22,41.56999969482422,43.77000045776367,42.900001525878906,40.880001068115234,35.76724624633789,36.93646240234375,,0.9497372460605211,1.0494129257579494,0.9683452047120877,NOT_APPLICABLE
QQQ,2008-12-19,DIVIDEND,2008-12-18,True,2008-12-22,29.65999984741211,29.93000030517578,29.860000610351562,29.209999084472656,25.53696060180664,25.74648094177246,,0.9909789356829047,1.022252706136661,0.9918621756332577,NOT_APPLICABLE
QQQ,2009-03-20,DIVIDEND,2009-03-19,True,2009-03-23,29.68000030517578,29.690000534057617,29.18000030517578,30.899999618530273,25.591278076171875,25.20176887512207,,0.9996631785550032,0.9443365911136441,1.015455629443309,NOT_APPLICABLE
QQQ,2009-06-19,DIVIDEND,2009-06-18,True,2009-06-22,35.81999969482422,36.04999923706055,36.15999984741211,35.08000183105469,30.936494827270508,31.268569946289062,,0.9936199848237478,1.0307867149368661,0.9893799070571833,NOT_APPLICABLE
QQQ,2009-09-18,DIVIDEND,2009-09-17,True,2009-09-21,42.40999984741211,42.540000915527344,42.439998626708984,42.56999969482422,36.67310333251953,36.73456573486328,,0.9969440276136011,0.9969461811358424,0.9983268509885931,NOT_APPLICABLE
QQQ,2009-12-18,DIVIDEND,2009-12-17,True,2009-12-21,43.81999969482422,44.15999984741211,44.459999084472656,44.959999084472656,37.92905044555664,38.54722595214844,,0.9923007211557358,0.9888790033322603,0.9839631648887216,NOT_APPLICABLE
QQQ,2010-03-19,DIVIDEND,2010-03-18,True,2010-03-22,47.83000183105469,47.91999816894531,47.4900016784668,47.91999816894531,41.46903610229492,41.21820068359375,,0.9981219461325241,0.9910267840795292,1.0060855499401025,NOT_APPLICABLE
QQQ,2010-06-18,DIVIDEND,2010-06-17,True,2010-06-21,47.04999923706055,47.04999923706055,47.0,46.599998474121094,40.83632278442383,40.87023162841797,,1.0,1.008583724012374,0.9991703290477424,NOT_APPLICABLE
QQQ,2010-06-25,DIVIDEND,2010-06-24,True,2010-06-28,45.349998474121094,45.5099983215332,45.27000045776367,45.11000061035156,39.43541717529297,39.443267822265625,,0.9964842923903954,1.0035468819607019,0.999800963576141,NOT_APPLICABLE
QQQ,2010-09-17,DIVIDEND,2010-09-16,True,2010-09-20,47.939998626708984,48.13999938964844,47.9900016784668,48.83000183105469,41.76961135864258,41.911094665527344,,0.9958454348675696,0.9827974580977044,0.9966242039723878,NOT_APPLICABLE
QQQ,2010-12-17,DIVIDEND,2010-12-16,True,2010-12-20,54.58000183105469,54.540000915527344,54.52000045776367,54.560001373291016,47.666343688964844,47.708335876464844,,1.0007334234480358,0.9992668454083484,0.9991198144573994,NOT_APPLICABLE
QQQ,2011-03-18,DIVIDEND,2011-03-17,True,2011-03-21,54.650001525878906,55.220001220703125,54.45000076293945,55.5,47.82210159301758,47.714324951171875,,0.9896776587789985,0.9810810948277379,1.002258790037499,NOT_APPLICABLE
QQQ,2011-06-17,DIVIDEND,2011-06-16,True,2011-06-20,54.08000183105469,54.400001525878906,53.790000915527344,54.06999969482422,47.390079498291016,47.241661071777344,,0.9941176528336678,0.9948215501964636,1.0031416851809714,NOT_APPLICABLE
QQQ,2011-09-16,DIVIDEND,2011-09-15,True,2011-09-19,56.18000030517578,56.20000076293945,56.59000015258789,56.61000061035156,49.3406982421875,49.7929801940918,,0.9996441199734492,0.999646697446599,0.9909167527201362,NOT_APPLICABLE
QQQ,2011-12-16,DIVIDEND,2011-12-15,True,2011-12-19,54.7400016784668,54.869998931884766,54.86000061035156,54.31999969482422,48.16516876220703,48.41315841674805,,0.9976308136331596,1.0099411067481798,0.9948776394135189,NOT_APPLICABLE
QQQ,2011-12-27,DIVIDEND,2011-12-23,True,2011-12-28,56.08000183105469,55.9900016784668,56.2400016784668,55.59000015258789,49.48979568481445,49.67437744140625,,1.0016074325752788,1.0116927779114,0.996284165678583,NOT_APPLICABLE
QQQ,2012-03-16,DIVIDEND,2012-03-15,True,2012-03-19,66.68000030517578,66.66999816894531,66.5199966430664,66.98999786376953,58.89558029174805,58.854000091552734,,1.0001500245463502,0.9929840090208852,1.0007064974365485,NOT_APPLICABLE
QQQ,2012-06-15,DIVIDEND,2012-06-14,True,2012-06-18,62.36000061035156,62.38999938964844,62.9900016784668,63.58000183105469,55.17341232299805,55.85890579223633,,0.9995191732715123,0.9907203501793591,0.9877281257211172,NOT_APPLICABLE
QQQ,2012-09-21,DIVIDEND,2012-09-20,True,2012-09-24,70.33000183105469,70.4800033569336,70.1500015258789,69.73999786376953,62.36797332763672,62.38572311401367,,0.9978717151144382,1.0058790317560702,0.999715483198864,NOT_APPLICABLE
QQQ,2012-12-21,DIVIDEND,2012-12-20,True,2012-12-24,66.26000213623047,64.87999725341797,65.19999694824219,65.06999969482422,58.9262809753418,58.3065299987793,,1.0212701131509343,1.0019978062705954,1.0106291864148917,NOT_APPLICABLE
QQQ,2013-03-15,DIVIDEND,2013-03-14,True,2013-03-18,68.86000061035156,68.75,68.51000213623047,68.36000061035156,61.57958984375,61.40842056274414,,1.001600008877841,1.002194287954061,1.002787391035908,NOT_APPLICABLE
QQQ,2013-06-21,DIVIDEND,2013-06-20,True,2013-06-24,71.02999877929688,70.77999877929688,70.43000030517578,69.7300033569336,63.66715621948242,63.32905960083008,,1.0035320712674711,1.010038676531522,1.0053387279202217,NOT_APPLICABLE
QQQ,2013-09-20,DIVIDEND,2013-09-19,True,2013-09-23,79.5,79.44999694824219,78.98999786376953,78.83000183105469,71.48463439941406,71.23930358886719,,1.0006293650557392,1.0020296337561647,1.0034437564404435,NOT_APPLICABLE
QQQ,2013-12-20,DIVIDEND,2013-12-19,True,2013-12-23,85.9000015258789,85.79000091552734,86.5,87.41000366210938,77.4712905883789,78.26017761230469,,1.0012822078234953,0.9895892503834336,0.9899196877902083,NOT_APPLICABLE
QQQ,2014-02-27,DIVIDEND,2014-02-26,True,2014-02-28,90.2300033569336,89.87000274658203,90.44000244140625,90.33999633789062,81.63491821289062,82.16456604003906,,1.0040057928045991,1.0011069969843875,0.9935538170202184,NOT_APPLICABLE
QQQ,2014-03-21,DIVIDEND,2014-03-20,True,2014-03-24,90.29000091552734,90.5999984741211,89.0,88.22000122070312,82.02826690673828,81.04120635986328,,0.9965783933353785,1.0088415185729314,1.012179736595874,NOT_APPLICABLE
QQQ,2014-06-20,DIVIDEND,2014-06-19,True,2014-06-23,92.91000366210938,92.69999694824219,92.7699966430664,92.79000091552734,84.60157012939453,84.70109558105469,,1.0022654446686168,0.9997844134899929,0.9988249803502847,NOT_APPLICABLE
QQQ,2014-09-19,DIVIDEND,2014-09-18,True,2014-09-22,100.27999877929688,100.45999908447266,99.9800033569336,99.05000305175781,91.55787658691406,91.50115203857422,,0.9982082390322896,1.0093892001668068,1.0006199326137002,NOT_APPLICABLE
QQQ,2014-12-19,DIVIDEND,2014-12-18,True,2014-12-22,104.25,103.97000122070312,104.31999969482422,104.58000183105469,95.40901184082031,95.82880401611328,,1.0026930727710823,0.9975138446005146,0.9956193528699119,NOT_APPLICABLE
QQQ,2015-03-20,DIVIDEND,2015-03-19,True,2015-03-23,108.08000183105469,108.72000122070312,108.52999877929688,108.31999969482422,99.28279113769531,99.92544555664062,,0.9941133242967021,1.0019386917011106,0.9935686609615262,NOT_APPLICABLE
QQQ,2015-06-19,DIVIDEND,2015-06-18,True,2015-06-22,110.69000244140625,110.48999786376953,109.88999938964844,110.69999694824219,101.9141845703125,101.41031646728516,,1.0018101600280898,0.9926829486818102,1.00496860793438,NOT_APPLICABLE
QQQ,2015-09-18,DIVIDEND,2015-09-17,True,2015-09-21,107.12999725341797,105.2300033569336,105.3499984741211,105.68000030517578,98.86328887939453,97.45718383789062,,1.0180556289639155,0.9968773483147073,1.0144279260505087,NOT_APPLICABLE
QQQ,2015-12-18,DIVIDEND,2015-12-17,True,2015-12-21,112.31999969482422,111.62999725341797,109.83000183105469,111.05000305175781,103.90497589111328,101.91181945800781,,1.0061811561263396,0.9890139469862552,1.0195576572345149,NOT_APPLICABLE
QQQ,2016-03-18,DIVIDEND,2016-03-17,True,2016-03-21,107.5199966430664,107.45999908447266,107.37000274658203,107.79000091552734,99.76837158203125,99.92474365234375,,1.0005583245775629,0.9961035516710455,0.9984351016115033,NOT_APPLICABLE
QQQ,2016-06-17,DIVIDEND,2016-06-16,True,2016-06-20,108.04000091552734,107.52999877929688,106.48999786376953,107.16000366210938,100.54826354980469,99.36970520019531,,1.0047428823771982,0.9937476131444296,1.0118603385934877,NOT_APPLICABLE
QQQ,2016-09-16,DIVIDEND,2016-09-15,True,2016-09-19,117.63999938964844,117.22000122070312,117.29000091552734,116.77999877929688,109.7741928100586,109.72181701660156,,1.0035829906549356,1.0043672045004413,1.0004773507665217,NOT_APPLICABLE
QQQ,2016-12-16,DIVIDEND,2016-12-15,True,2016-12-19,120.4000015258789,120.33999633789062,119.5999984741211,120.08999633789062,112.63111877441406,112.213623046875,,1.0004986304621433,0.995919744535666,1.0037205440498491,NOT_APPLICABLE
IWM,2003-03-07,DIVIDEND,2003-03-06,True,2003-03-10,35.209999084472656,34.875,35.224998474121094,34.619998931884766,25.91225814819336,25.982330322265625,,1.009605708515345,1.0174754350347228,0.9973030835493529,NOT_APPLICABLE
IWM,2003-06-13,DIVIDEND,2003-06-12,True,2003-06-16,45.70500183105469,45.67499923706055,44.81999969482422,45.57500076293945,33.71247482299805,33.114013671875,,1.000656871253318,0.9834338770054573,1.018072745788329,NOT_APPLICABLE
IWM,2003-09-12,DIVIDEND,2003-09-11,True,2003-09-15,50.599998474121094,50.35499954223633,50.70500183105469,50.58000183105469,37.38443374633789,37.54995346069336,,1.0048654341001289,1.0024713324530419,0.995592012796268,NOT_APPLICABLE
IWM,2003-12-12,DIVIDEND,2003-12-11,True,2003-12-15,54.279998779296875,54.18000030517578,54.47999954223633,53.20500183105469,40.19745635986328,40.48540115356445,,1.0018456713465824,1.0239638693224788,0.9928876882654818,NOT_APPLICABLE
IWM,2003-12-16,DIVIDEND,2003-12-15,True,2003-12-17,53.20500183105469,53.31999969482422,53.560001373291016,53.54999923706055,39.537925720214844,39.88794708251953,,0.9978432508546939,1.000186781258132,0.9912248840086814,NOT_APPLICABLE
IWM,2004-03-26,DIVIDEND,2004-03-25,True,2004-03-29,57.060001373291016,56.83000183105469,57.099998474121094,58.19499969482422,42.49453353881836,42.602317810058594,,1.0040471500057324,0.9811839294364578,0.9974699904422856,NOT_APPLICABLE
IWM,2004-06-25,DIVIDEND,2004-06-24,True,2004-06-28,57.775001525878906,57.3650016784668,58.29999923706055,58.18000030517578,43.10594177246094,43.612754821777344,,1.0071472123318357,1.0020625460855161,0.9883792470485415,NOT_APPLICABLE
IWM,2004-09-24,DIVIDEND,2004-09-23,True,2004-09-27,56.3650016784668,56.5,56.334999084472656,55.73500061035156,42.16524887084961,42.24209976196289,,0.9976106491764035,1.0107652008172698,0.9981807038109767,NOT_APPLICABLE
IWM,2004-12-23,DIVIDEND,2004-12-22,True,2004-12-27,64.62999725341797,64.57499694824219,64.58999633789062,64.17500305175781,48.46200942993164,48.586490631103516,,1.0008517275691065,1.0064665877117,0.9974379462365989,NOT_APPLICABLE
IWM,2005-03-24,DIVIDEND,2005-03-23,True,2005-03-28,61.099998474121094,61.150001525878906,61.04999923706055,61.07500076293945,45.96119689941406,46.13047790527344,,0.9991822886261638,0.9995906422338667,0.9963303869037086,NOT_APPLICABLE
IWM,2005-06-09,STOCK_SPLIT,2005-06-08,True,2005-06-10,61.71500015258789,61.66999816894531,62.31999969482422,62.45000076293945,46.632965087890625,47.09009552001953,2.0,1.000729722474116,0.9979183175896391,0.990292429287289,RAW_SERIES_ALREADY_SCALE_CONTINUOUS
IWM,2005-06-20,DIVIDEND,2005-06-17,True,2005-06-21,64.0199966430664,63.720001220703125,63.68000030517578,63.86000061035156,48.37464904785156,48.22773361206055,,1.0047080259983707,0.9971813294166082,1.0030462852966053,NOT_APPLICABLE
IWM,2005-09-23,DIVIDEND,2005-09-22,True,2005-09-26,64.93000030517578,64.61000061035156,65.18000030517578,65.62000274658203,49.17441177368164,49.514747619628906,,1.0049527889150485,0.9932946902927527,0.9931265761756131,NOT_APPLICABLE
IWM,2005-12-22,DIVIDEND,2005-12-21,True,2005-12-23,67.79000091552734,67.75,67.97000122070312,68.12999725341797,51.4974479675293,51.83375549316406,,1.0005904194173778,0.9976516066466329,0.9935118047605268,NOT_APPLICABLE
IWM,2006-03-24,DIVIDEND,2006-03-23,True,2006-03-27,74.44999694824219,74.27999877929688,74.9000015258789,74.91000366210938,56.7753791809082,57.2485237121582,,1.002288612974408,0.9998664779636698,0.9917352535826262,NOT_APPLICABLE
IWM,2006-06-22,DIVIDEND,2006-06-21,True,2006-06-23,68.5999984741211,68.38999938964844,68.23999786376953,68.6500015258789,52.43324279785156,52.23801803588867,,1.0030706110008307,0.9940276234086489,1.003737216098604,NOT_APPLICABLE
IWM,2006-09-26,DIVIDEND,2006-09-25,True,2006-09-27,72.38999938964844,72.13999938964844,72.38999938964844,72.91999816894531,55.414852142333984,55.592247009277344,,1.003465483810856,0.9927317773915882,0.9968089998788184,NOT_APPLICABLE
IWM,2006-12-20,DIVIDEND,2006-12-19,True,2006-12-21,77.86000061035156,77.62000274658203,77.9800033569336,77.62000274658203,59.79296112060547,60.13924789428711,,1.0030919589703327,1.0046379876013005,0.9942419171205742,NOT_APPLICABLE
IWM,2007-03-23,DIVIDEND,2007-03-22,True,2007-03-26,80.2699966430664,80.2300033569336,80.23999786376953,80.06999969482422,61.90531921386719,62.001129150390625,,1.0004984829173555,1.0021231193904487,0.9984547065862133,NOT_APPLICABLE
IWM,2007-06-28,DIVIDEND,2007-06-27,True,2007-06-29,83.58999633789062,83.41000366210938,83.41999816894531,82.9000015258789,64.58969116210938,64.58116912841797,,1.00215792672196,1.0062725770023548,1.0001319584920252,NOT_APPLICABLE
IWM,2007-09-25,DIVIDEND,2007-09-24,True,2007-09-26,80.33999633789062,79.63999938964844,79.81999969482422,80.5199966430664,62.19672393798828,61.94450759887695,,1.0087895147363999,0.9913065452381329,1.0040716497537532,NOT_APPLICABLE
IWM,2007-12-27,DIVIDEND,2007-12-26,True,2007-12-28,79.54000091552734,78.86000061035156,77.38999938964844,76.55999755859375,61.72718811035156,60.26099395751953,,1.0086228797858583,1.0108411945862388,1.0243307329757225,NOT_APPLICABLE
IWM,2008-03-24,DIVIDEND,2008-03-20,True,2008-03-25,67.4800033569336,68.16999816894531,69.98999786376953,70.22000122070312,52.54438400268555,54.58781051635742,,0.9898783213943807,0.9967245321427625,0.9625662488687001,NOT_APPLICABLE
IWM,2008-07-02,DIVIDEND,2008-07-01,True,2008-07-03,69.0999984741211,68.91999816894531,66.88999938964844,66.52999877929688,53.89368438720703,52.36479187011719,,1.0026117282350262,1.0054111020134813,1.0291969558645822,NOT_APPLICABLE
IWM,2008-09-24,DIVIDEND,2008-09-23,True,2008-09-25,70.98999786376953,70.83000183105469,69.94000244140625,70.30000305175781,55.57448196411133,54.8684196472168,,1.0022588737622296,0.9948790811561343,1.0128682823641404,NOT_APPLICABLE
IWM,2008-12-23,DIVIDEND,2008-12-22,True,2008-12-24,47.7599983215332,47.72999954223633,46.709999084472656,46.880001068115234,37.46803283691406,36.92340087890625,,1.000628509943109,0.9963736779059461,1.0147503194463041,NOT_APPLICABLE
IWM,2009-03-24,DIVIDEND,2009-03-23,True,2009-03-25,43.380001068115234,42.70000076293945,41.560001373291016,42.72999954223633,34.291107177734375,32.959556579589844,,1.015925065410443,0.9726188115731471,1.0403995301007505,NOT_APPLICABLE
IWM,2009-07-02,DIVIDEND,2009-07-01,True,2009-07-06,51.869998931884766,50.880001068115234,49.90999984741211,49.470001220703125,41.13600158691406,39.72020721435547,,1.0194575047756815,1.0088942513816808,1.0356441839519634,NOT_APPLICABLE
IWM,2009-09-22,DIVIDEND,2009-09-21,True,2009-09-23,61.7400016784668,62.029998779296875,62.02000045776367,61.43000030517578,49.13495635986328,49.474002838134766,,0.9953248894641786,1.0096044302402223,0.9931469770218361,NOT_APPLICABLE
IWM,2009-12-23,DIVIDEND,2009-12-22,True,2009-12-24,62.56999969482422,62.70000076293945,63.119998931884766,63.36000061035156,49.9127311706543,50.55588150024414,,0.9979266177586384,0.9962120947576572,0.9872784271482491,NOT_APPLICABLE
IWM,2010-03-24,DIVIDEND,2010-03-23,True,2010-03-25,69.2300033569336,68.68000030517578,68.2699966430664,67.83999633789062,55.44969177246094,54.81696701049805,,1.008008198155415,1.0063384482368496,1.011542498545053,NOT_APPLICABLE
IWM,2010-07-02,DIVIDEND,2010-07-01,True,2010-07-06,60.68000030517578,60.75,59.81999969482422,59.040000915527344,48.722625732421875,48.19014358520508,,0.998847741648984,1.013211361233088,1.0110496069860284,NOT_APPLICABLE
IWM,2010-09-23,DIVIDEND,2010-09-22,True,2010-09-24,65.83999633789062,65.1500015258789,64.87999725341797,66.98999786376953,53.039737701416016,52.39768981933594,,1.0105908640959531,0.9685027514907159,1.0122533623962013,NOT_APPLICABLE
IWM,2010-12-22,DIVIDEND,2010-12-21,True,2010-12-23,79.19999694824219,79.02999877929688,78.81999969482422,78.72000122070312,63.962684631347656,63.94401168823242,,1.0021510587317615,1.0012703057999293,1.0002920202005197,NOT_APPLICABLE
IWM,2011-03-24,DIVIDEND,2011-03-23,True,2011-03-25,81.12000274658203,81.48999786376953,81.51000213623047,82.22000122070312,65.80989837646484,66.2643814086914,,0.9954596253910076,0.9913646427398267,0.993141367616133,NOT_APPLICABLE
IWM,2011-07-05,DIVIDEND,2011-07-01,True,2011-07-06,84.08999633789062,83.93000030517578,84.04000091552734,84.37999725341797,68.36180877685547,68.52652740478516,,1.0019063032542963,0.9959706524181375,0.9975962793655558,NOT_APPLICABLE
IWM,2011-09-23,DIVIDEND,2011-09-22,True,2011-09-26,64.7300033569336,64.25,65.13999938964844,66.37000274658203,52.78106689453125,53.32133102416992,,1.0074708693686163,0.9814674806986212,0.9898677673782417,NOT_APPLICABLE
IWM,2011-12-22,DIVIDEND,2011-12-21,True,2011-12-23,74.16000366210938,74.16000366210938,74.2699966430664,74.55000305175781,60.704795837402344,61.09139633178711,,1.0,0.9962440456441429,0.9936717685697485,NOT_APPLICABLE
IWM,2012-03-23,DIVIDEND,2012-03-22,True,2012-03-26,82.12999725341797,82.0,82.68000030517578,84.4000015258789,67.55667114257812,68.21758270263672,,1.0015853323587558,0.9796208389856992,0.9903117124079355,NOT_APPLICABLE
IWM,2012-06-26,DIVIDEND,2012-06-25,True,2012-06-27,76.27999877929688,76.08999633789062,76.19999694824219,77.44000244140625,62.93709182739258,63.18335723876953,,1.0024970751813749,0.9839875328761477,0.996102369007612,NOT_APPLICABLE
IWM,2012-09-24,DIVIDEND,2012-09-21,True,2012-09-25,85.5,84.88999938964844,84.88999938964844,83.66999816894531,70.8946762084961,70.66329956054688,,1.007185777061343,1.01458110729535,1.0032743538638607,NOT_APPLICABLE
IWM,2012-12-19,DIVIDEND,2012-12-18,True,2012-12-20,84.66000366210938,84.08000183105469,84.12000274658203,84.54000091552734,70.47183227539062,70.62883758544922,,1.0068982138252103,0.9950319592571927,0.9977770367540222,NOT_APPLICABLE
IWM,2013-03-25,DIVIDEND,2013-03-22,True,2013-03-26,94.16000366210938,94.12000274658203,93.94999694824219,94.25,79.05863189697266,79.10408782958984,,1.0004249990900982,0.9968169437479277,0.9994253655675152,NOT_APPLICABLE
IWM,2013-07-02,DIVIDEND,2013-07-01,True,2013-07-03,98.58000183105469,98.16000366210938,98.08000183105469,98.27999877929688,83.00247955322266,82.94326782226562,,1.0042787097929524,0.9979650289913891,1.0007138823018633,NOT_APPLICABLE
IWM,2013-09-24,DIVIDEND,2013-09-23,True,2013-09-25,106.5999984741211,106.45999908447266,106.66999816894531,106.47000122070312,90.14837646484375,90.44768524169922,,1.0013150421834718,1.0018784347323113,0.9966908077740669,NOT_APPLICABLE
IWM,2013-12-23,DIVIDEND,2013-12-20,True,2013-12-24,113.93000030517578,114.18000030517578,114.77999877929688,115.22000122070312,96.60359191894531,97.69905853271484,,0.9978104746949394,0.9961811973898227,0.9887873370509225,NOT_APPLICABLE
IWM,2014-03-25,DIVIDEND,2014-03-24,True,2014-03-26,117.26000213623047,117.66999816894531,116.93000030517578,114.69000244140625,99.80999755859375,99.78611755371094,,0.9965157131036393,1.0195308903660885,1.0002393118949633,NOT_APPLICABLE
IWM,2014-07-02,DIVIDEND,2014-07-01,True,2014-07-03,120.0199966430664,119.55999755859375,119.0999984741211,119.81999969482422,102.42304992675781,102.02816009521484,,1.003847433036683,0.9939909762766072,1.003870400399012,NOT_APPLICABLE
IWM,2014-09-24,DIVIDEND,2014-09-23,True,2014-09-25,111.31999969482422,111.1500015258789,112.0199966430664,110.12999725341797,95.36334228515625,96.22661590576172,,1.0015294481926367,1.0171615312520113,0.9910287438409878,NOT_APPLICABLE
IWM,2014-12-24,DIVIDEND,2014-12-23,True,2014-12-26,119.86000061035156,119.62999725341797,119.76000213623047,120.54000091552734,102.96131896972656,103.25875854492188,,1.001922622771999,0.9935291291407614,0.997119473646723,NOT_APPLICABLE
IWM,2015-03-25,DIVIDEND,2015-03-24,True,2015-03-26,125.8499984741211,125.52999877929688,122.47000122070312,122.31999969482422,108.50965118408203,105.91768646240234,,1.0025491890220348,1.0012263041714613,1.024471500542072,NOT_APPLICABLE
IWM,2015-07-02,DIVIDEND,2015-07-01,True,2015-07-06,125.2300033569336,124.80999755859375,123.77999877929688,123.73999786376953,108.30467224121094,107.50476837158203,,1.0033651614979213,1.0003232658495063,1.0074406361852164,NOT_APPLICABLE
IWM,2015-09-25,DIVIDEND,2015-09-24,True,2015-09-28,113.2300033569336,113.81999969482422,111.41999816894531,108.30000305175781,98.3419418334961,97.04762268066406,,0.994816408895866,1.0288088183681436,1.0133369485730834,NOT_APPLICABLE
IWM,2015-12-24,DIVIDEND,2015-12-23,True,2015-12-28,114.77999877929688,114.44000244140625,114.5,113.97000122070312,99.97418975830078,100.16317749023438,,1.0029709571009902,1.0046503358218846,0.9981132015110841,NOT_APPLICABLE
IWM,2016-03-23,DIVIDEND,2016-03-22,True,2016-03-24,109.22000122070312,108.54000091552734,106.87999725341797,107.19999694824219,95.5443115234375,93.77806091308594,,1.0062649741978997,0.9970149281349446,1.0188343690747512,NOT_APPLICABLE
IWM,2016-07-06,DIVIDEND,2016-07-05,True,2016-07-07,113.69000244140625,112.54000091552734,113.88999938964844,114.12999725341797,99.75325012207031,100.4775619506836,,1.01021860242157,0.9978971535131415,0.992791307685503,NOT_APPLICABLE
IWM,2016-09-26,DIVIDEND,2016-09-23,True,2016-09-27,124.80999755859375,123.80000305175781,123.2300033569336,123.7300033569336,110.11154174804688,109.01811218261719,,1.0081582752983753,0.9959589429690905,1.010029797283575,NOT_APPLICABLE
IWM,2016-12-22,DIVIDEND,2016-12-21,True,2016-12-23,137.05999755859375,136.55999755859375,135.32000732421875,136.0399932861328,121.25309753417969,120.20757293701172,,1.003661394324392,0.9947075419182084,1.0086976599861626,NOT_APPLICABLE
DIA,2003-01-17,DIVIDEND,2003-01-16,True,2003-01-21,87.30000305175781,86.41999816894531,86.11000061035156,84.68000030517578,52.075199127197266,51.40005111694336,,1.0101828847657708,1.0168871079360209,1.0131351622339408,NOT_APPLICABLE
DIA,2003-02-21,DIVIDEND,2003-02-20,True,2003-02-24,79.62000274658203,79.52999877929688,80.23999786376953,78.70999908447266,47.526084899902344,48.04640197753906,,1.0011316983360572,1.0194384296416374,0.9891705298165727,NOT_APPLICABLE
DIA,2003-03-21,DIVIDEND,2003-03-20,True,2003-03-24,83.12000274658203,83.81999969482422,85.12999725341797,82.23999786376953,49.77093505859375,51.03835678100586,,0.9916488075543931,1.035141044074876,0.9751672702189388,NOT_APPLICABLE
DIA,2003-04-17,DIVIDEND,2003-04-16,True,2003-04-21,82.69999694824219,82.6500015258789,83.4800033569336,83.52999877929688,49.58150863647461,50.11457824707031,,1.000604905280584,0.9994014674596683,0.9893629832028594,NOT_APPLICABLE
DIA,2003-05-16,DIVIDEND,2003-05-15,True,2003-05-19,87.31999969482422,87.08999633789062,86.98999786376953,85.16999816894531,52.4197998046875,52.30135726928711,,1.0026409848042848,1.021369023528849,1.0022646168586133,NOT_APPLICABLE
DIA,2003-06-20,DIVIDEND,2003-06-19,True,2003-06-23,92.12000274658203,92.66999816894531,91.83999633789062,90.9000015258789,55.38570785522461,55.36336135864258,,0.9940650109719373,1.0103409768562446,1.0004036333061006,NOT_APPLICABLE
DIA,2003-07-18,DIVIDEND,2003-07-17,True,2003-07-21,90.72000122070312,91.08999633789062,91.83000183105469,91.1500015258789,54.68824005126953,55.43558883666992,,0.9959381366553685,1.0074602336126426,0.9865186101368507,NOT_APPLICABLE
DIA,2003-08-15,DIVIDEND,2003-08-14,True,2003-08-18,93.0999984741211,93.1500015258789,93.33000183105469,94.27999877929688,56.20222473144531,56.41621398925781,,0.999463198594324,0.989923663973882,0.996206954655744,NOT_APPLICABLE
DIA,2003-09-19,DIVIDEND,2003-09-18,True,2003-09-22,96.94999694824219,96.7300033569336,96.47000122070312,95.55999755859375,58.60444641113281,58.43245315551758,,1.0022743056308685,1.0095228514583354,1.0029434543019695,NOT_APPLICABLE
DIA,2003-10-17,DIVIDEND,2003-10-16,True,2003-10-20,98.18000030517578,98.25,97.30000305175781,97.97000122070312,59.468162536621094,59.00969696044922,,0.9992875349127306,0.9931611905624461,1.0077693260563456,NOT_APPLICABLE
DIA,2003-11-21,DIVIDEND,2003-11-20,True,2003-11-24,96.54000091552734,96.55999755859375,96.48999786376953,97.47000122070312,58.548789978027344,58.706932067871094,,0.9997929096564623,0.9899455899798898,0.9973062450331943,NOT_APPLICABLE
DIA,2003-12-19,DIVIDEND,2003-12-18,True,2003-12-22,102.80999755859375,103.04000091552734,102.73999786376953,103.61000061035156,62.55224609375,62.59910202026367,,0.9977678245837541,0.9916031006518968,0.9992514920342067,NOT_APPLICABLE
DIA,2004-01-16,DIVIDEND,2004-01-15,True,2004-01-20,105.95999908447266,106.05999755859375,106.12000274658203,105.45999908447266,64.56108093261719,64.70062255859375,,0.9990571518345939,1.006258331764072,0.9978432722830419,NOT_APPLICABLE
DIA,2004-02-20,DIVIDEND,2004-02-19,True,2004-02-23,107.0999984741211,106.98999786376953,106.41999816894531,106.2300033569336,65.29818725585938,65.04637908935547,,1.0010281391956997,1.0017885230726515,1.0038712095896682,NOT_APPLICABLE
DIA,2004-03-19,DIVIDEND,2004-03-18,True,2004-03-22,103.30999755859375,103.05000305175781,101.94000244140625,100.72000122070312,63.14545440673828,62.379310607910156,,1.0025229936840017,1.0121127998998907,1.0122820177293042,NOT_APPLICABLE
DIA,2004-04-16,DIVIDEND,2004-04-15,True,2004-04-19,103.87999725341797,104.26000213623047,104.66000366210938,104.47000122070312,63.56642150878906,64.08013916015625,,0.9963552189235909,1.0018187272823407,0.9919832001287755,NOT_APPLICABLE
DIA,2004-05-21,DIVIDEND,2004-05-20,True,2004-05-24,100.0199966430664,99.94999694824219,99.80000305175781,99.86000061035156,61.239322662353516,61.287086486816406,,1.0007003471431868,0.9993991832743137,0.9992206543466026,NOT_APPLICABLE
DIA,2004-06-18,DIVIDEND,2004-06-17,True,2004-06-21,103.94999694824219,103.8499984741211,104.22000122070312,103.80999755859375,63.83555603027344,64.05996704101562,,1.0009629126200326,1.0039495585372493,0.9964968603465171,NOT_APPLICABLE
DIA,2004-07-16,DIVIDEND,2004-07-15,True,2004-07-19,101.61000061035156,102.43000030517578,101.69999694824219,100.94999694824219,62.45573425292969,62.56336975097656,,0.9919945358549142,1.007429420729795,0.9982795763962955,NOT_APPLICABLE
DIA,2004-08-20,DIVIDEND,2004-08-19,True,2004-08-23,100.8499984741211,100.38999938964844,101.25,100.9000015258789,62.040428161621094,62.46929168701172,,1.0045821206023444,1.0034687657961168,0.9931348104995436,NOT_APPLICABLE
DIA,2004-09-17,DIVIDEND,2004-09-16,True,2004-09-20,102.75,102.87000274658203,103.01000213623047,102.1500015258789,63.394737243652344,63.62323760986328,,0.9988334524800426,1.0084189975281956,0.9964085391628119,NOT_APPLICABLE
DIA,2004-10-18,DIVIDEND,2004-10-15,True,2004-10-19,99.47000122070312,99.04000091552734,99.62999725341797,99.0999984741211,61.436824798583984,61.588905334472656,,1.0043416831704448,1.0053481209632438,0.9975307153932552,NOT_APPLICABLE
DIA,2004-11-15,DIVIDEND,2004-11-12,True,2004-11-16,105.6500015258789,105.54000091552734,105.7300033569336,105.12999725341797,65.31029510498047,65.49675750732422,,1.0010422646332893,1.0057072778387819,0.9971531048338859,NOT_APPLICABLE
DIA,2004-11-19,DIVIDEND,2004-11-18,True,2004-11-22,106.0,105.66000366210938,104.56999969482422,104.80000305175781,65.6640396118164,64.9841537475586,,1.0032178338643438,0.9978053115435502,1.0104623331235325,NOT_APPLICABLE
DIA,2004-12-17,DIVIDEND,2004-12-16,True,2004-12-20,107.16000366210938,106.36000061035156,106.52999877929688,106.62000274658203,66.5936508178711,66.30432891845703,,1.0075216533204867,0.9991558435099737,1.0043635446453258,NOT_APPLICABLE
DIA,2005-01-21,DIVIDEND,2005-01-20,True,2005-01-24,104.76000213623047,104.94999694824219,103.83999633789062,103.75,65.20265197753906,64.6905517578125,,0.9981896634822637,1.0008674345820783,1.0079161516761173,NOT_APPLICABLE
DIA,2005-02-18,DIVIDEND,2005-02-17,True,2005-02-22,107.72000122070312,107.4800033569336,107.80999755859375,106.01000213623047,67.10774230957031,67.3125228881836,,1.002232953631128,1.016979486709661,0.9969577640262651,NOT_APPLICABLE
DIA,2005-03-18,DIVIDEND,2005-03-17,True,2005-03-21,106.29000091552734,106.37999725341797,105.95999908447266,105.41999816894531,66.36349487304688,66.26221466064453,,0.9991540107142864,1.0051223764457096,1.0015284761144951,NOT_APPLICABLE
DIA,2005-04-15,DIVIDEND,2005-04-14,True,2005-04-18,102.4000015258789,102.20999908447266,100.69999694824219,100.55000305175781,64.03595733642578,63.01834487915039,,1.0018589418169275,1.0014917343802283,1.0161478766100072,NOT_APPLICABLE
DIA,2005-05-20,DIVIDEND,2005-05-19,True,2005-05-23,105.13999938964844,104.83000183105469,104.62999725341797,105.22000122070312,65.79695129394531,65.68708038330078,,1.0029571454085573,0.9943926633677983,1.0016726411039036,NOT_APPLICABLE
DIA,2005-06-17,DIVIDEND,2005-06-16,True,2005-06-20,105.77999877929688,106.20999908447266,106.04000091552734,105.95999908447266,66.40904998779297,66.64411926269531,,0.9959514140958255,1.0007550191746502,0.9964727679275682,NOT_APPLICABLE
DIA,2005-07-15,DIVIDEND,2005-07-14,True,2005-07-18,106.41999816894531,106.3499984741211,106.29000091552734,105.91999816894531,66.88285827636719,66.86027526855469,,1.0006582011831553,1.003493228408028,1.0003377642063511,NOT_APPLICABLE
DIA,2005-08-19,DIVIDEND,2005-08-18,True,2005-08-22,105.76000213623047,105.87000274658203,105.7300033569336,105.66000366210938,66.5268783569336,66.70292663574219,,0.9989609841551165,1.000662499454837,0.9973607113257568,NOT_APPLICABLE
DIA,2005-09-16,DIVIDEND,2005-09-15,True,2005-09-19,105.66000366210938,105.94999694824219,106.2300033569336,105.54000091552734,66.6587905883789,67.11679077148438,,0.9972629231289692,1.0065378286471545,0.9931760714742032,NOT_APPLICABLE
DIA,2005-10-21,DIVIDEND,2005-10-20,True,2005-10-24,102.77999877929688,102.97000122070312,102.13999938964844,103.75,64.93706512451172,64.61946868896484,,0.9981547786816182,0.9844819218279367,1.0049148722821535,NOT_APPLICABLE
DIA,2005-11-18,DIVIDEND,2005-11-17,True,2005-11-21,107.37999725341797,107.56999969482422,107.52999877929688,108.16000366210938,67.93462371826172,68.2060775756836,,0.9982336855819904,0.9941752509108577,0.996020092826469,NOT_APPLICABLE
DIA,2005-12-16,DIVIDEND,2005-12-15,True,2005-12-19,108.7699966430664,108.9800033569336,108.51000213623047,108.20999908447266,68.99259185791016,68.9824447631836,,0.9980729793778831,1.0027724152508644,1.0001470967687707,NOT_APPLICABLE
DIA,2006-01-20,DIVIDEND,2006-01-19,True,2006-01-23,108.7300033569336,108.45999908447266,106.47000122070312,106.86000061035156,69.122314453125,67.76033020019531,,1.00248943642578,0.9963503706960427,1.0201000238473714,NOT_APPLICABLE
DIA,2006-02-17,DIVIDEND,2006-02-16,True,2006-02-21,111.2699966430664,111.02999877929688,111.0199966430664,110.56999969482422,70.8152084350586,70.78584289550781,,1.0021615587355504,1.0040697924345139,1.0004148504609054,NOT_APPLICABLE
DIA,2006-03-17,DIVIDEND,2006-03-16,True,2006-03-20,112.7699966430664,112.62000274658203,112.69999694824219,112.69000244140625,71.90160369873047,72.01602935791016,,1.0013318583983868,1.0000886902708261,0.998411108468491,NOT_APPLICABLE
DIA,2006-04-21,DIVIDEND,2006-04-20,True,2006-04-24,113.48999786376953,113.91000366210938,113.4000015258789,113.3499984741211,72.52086639404297,72.54068756103516,,0.996312827804082,1.000441138530489,0.9997267579387704,NOT_APPLICABLE
DIA,2006-05-19,DIVIDEND,2006-05-18,True,2006-05-22,111.41999816894531,111.61000061035156,111.47000122070312,110.97000122070312,71.27408599853516,71.4850845336914,,0.998297621715194,1.0045057222177152,0.9970483557999179,NOT_APPLICABLE
DIA,2006-06-16,DIVIDEND,2006-06-15,True,2006-06-19,110.3499984741211,109.91999816894531,109.9800033569336,109.16999816894531,70.76680755615234,70.63450622558594,,1.0039119387949305,1.0074196684214904,1.001873041062167,NOT_APPLICABLE
DIA,2006-07-21,DIVIDEND,2006-07-20,True,2006-07-24,109.41999816894531,109.5999984741211,108.55999755859375,110.5,70.27490997314453,69.8176040649414,,0.998357661426261,0.9824434168198529,1.0065500086164194,NOT_APPLICABLE
DIA,2006-08-18,DIVIDEND,2006-08-17,True,2006-08-21,113.45999908447266,113.44999694824219,113.80000305175781,113.5,72.96894836425781,73.34660339355469,,1.000088163389154,1.0026431986939015,0.9948510904142283,NOT_APPLICABLE
DIA,2006-09-15,DIVIDEND,2006-09-14,True,2006-09-18,115.51000213623047,115.83999633789062,115.58999633789062,115.5199966430664,74.44873809814453,74.63404846191406,,0.9971512930585943,1.000605953054522,0.9975170801050127,NOT_APPLICABLE
DIA,2006-10-20,DIVIDEND,2006-10-19,True,2006-10-23,120.1500015258789,119.75,119.93000030517578,120.87000274658203,77.57835388183594,77.53119659423828,,1.0033403050177778,0.992223029535483,1.0006082362928623,NOT_APPLICABLE
DIA,2006-11-17,DIVIDEND,2006-11-16,True,2006-11-20,123.36000061035156,122.80999755859375,123.26000213623047,123.12999725341797,79.7485580444336,79.89043426513672,,1.0044784876043613,1.0010558343678424,0.9982241150394517,NOT_APPLICABLE
DIA,2006-12-15,DIVIDEND,2006-12-14,True,2006-12-18,124.2300033569336,124.19000244140625,124.1500015258789,124.22000122070312,80.5191879272461,80.68164825439453,,1.0003220944902245,0.9994364861203,0.9979864029718853,NOT_APPLICABLE
DIA,2007-01-19,DIVIDEND,2007-01-18,True,2007-01-22,125.51000213623047,125.25,125.55000305175781,124.75,81.56544494628906,81.64354705810547,,1.0020758653591255,1.006412850114291,0.9990433767930144,NOT_APPLICABLE
DIA,2007-02-16,DIVIDEND,2007-02-15,True,2007-02-20,127.7699966430664,127.41000366210938,127.56999969482422,127.66000366210938,83.0871353149414,83.10669708251953,,1.0028254687278066,0.9992949712932535,0.9997646186376689,NOT_APPLICABLE
DIA,2007-03-16,DIVIDEND,2007-03-15,True,2007-03-19,121.79000091552734,121.69000244140625,121.05000305175781,122.27999877929688,79.34126281738281,79.03892517089844,,1.0008217476548187,0.989941153583432,1.0038251740624087,NOT_APPLICABLE
DIA,2007-04-20,DIVIDEND,2007-04-19,True,2007-04-23,128.22999572753906,129.08999633789062,129.57000732421875,129.1699981689453,83.7270278930664,84.67201232910156,,0.9933379763362877,1.0030967652004628,0.9888394711541494,NOT_APPLICABLE
DIA,2007-05-18,DIVIDEND,2007-05-17,True,2007-05-21,134.92999267578125,135.0800018310547,135.5,135.1999969482422,88.17475128173828,88.78006744384766,,0.9988894791735267,1.0022189575335025,0.9931818461109839,NOT_APPLICABLE
DIA,2007-06-15,DIVIDEND,2007-06-14,True,2007-06-18,135.6999969482422,136.36000061035156,136.19000244140625,135.94000244140625,88.91116333007812,89.34353637695312,,0.9951598440953713,1.0018390466051945,0.9951605559348943,NOT_APPLICABLE
DIA,2007-07-20,DIVIDEND,2007-07-19,True,2007-07-23,139.88999938964844,139.22000122070312,138.5399932861328,139.2100067138672,91.77070617675781,90.99183654785156,,1.0048125137413493,0.9951870311369819,1.0085597747936064,NOT_APPLICABLE
DIA,2007-08-17,DIVIDEND,2007-08-16,True,2007-08-20,129.14999389648438,131.24000549316406,130.5500030517578,130.9600067138672,84.82455444335938,85.93367004394531,,0.9840748894452876,0.9968692452574076,0.9870933523493324,NOT_APPLICABLE
DIA,2007-09-21,DIVIDEND,2007-09-20,True,2007-09-24,137.6999969482422,138.3699951171875,137.89999389648438,137.5500030517578,90.64007568359375,90.92825317382812,,0.9951579230137438,1.0025444626460305,0.9968307156447461,NOT_APPLICABLE
DIA,2007-10-19,DIVIDEND,2007-10-18,True,2007-10-22,138.8000030517578,137.91000366210938,134.92999267578125,135.4499969482422,91.52173614501953,89.0680923461914,,1.0064534795592421,0.9961609133689413,1.0275479549880921,NOT_APPLICABLE
DIA,2007-11-16,DIVIDEND,2007-11-15,True,2007-11-19,131.47000122070312,131.75,131.44000244140625,129.60000610351562,86.78416442871094,87.0145263671875,,0.997874772073648,1.014197501938549,0.9973526036617786,NOT_APPLICABLE
DIA,2007-12-21,DIVIDEND,2007-12-20,True,2007-12-24,132.7100067138672,133.39999389648438,134.33999633789062,135.30999755859375,87.85528564453125,89.1500015258789,,0.9948276820525749,0.9928312671775559,0.9854771075806228,NOT_APPLICABLE
DIA,2008-01-18,DIVIDEND,2008-01-17,True,2008-01-22,121.7699966430664,122.33000183105469,120.56999969482422,119.22000122070312,80.808349609375,80.1041259765625,,0.9954221762478048,1.0113235905074514,1.008791352807701,NOT_APPLICABLE
DIA,2008-02-15,DIVIDEND,2008-02-14,True,2008-02-19,124.01000213623047,123.33999633789062,123.33000183105469,123.68000030517578,82.38956451416016,82.09331512451172,,1.005432185975621,0.9971701287737913,1.0036086907831547,NOT_APPLICABLE
DIA,2008-03-20,DIVIDEND,2008-03-19,True,2008-03-24,121.44000244140625,121.51000213623047,123.11000061035156,125.33999633789062,80.83531188964844,82.14714813232422,,0.9994239182487566,0.9822084267377234,0.9840306538632035,NOT_APPLICABLE
DIA,2008-04-18,DIVIDEND,2008-04-17,True,2008-04-21,126.69999694824219,127.95999908447266,127.86000061035156,128.02999877929688,84.5425796508789,85.42179107666016,,0.9901531561015511,0.9986722004954608,0.9897074105482966,NOT_APPLICABLE
DIA,2008-05-16,DIVIDEND,2008-05-15,True,2008-05-19,130.0500030517578,130.02000427246094,129.60000610351562,130.22999572753906,86.8849105834961,86.80327606201172,,1.0002307243371105,0.9951624844913497,1.0009404543836118,NOT_APPLICABLE
DIA,2008-06-20,DIVIDEND,2008-06-19,True,2008-06-23,120.62999725341797,119.61000061035156,118.23999786376953,118.33000183105469,80.7952880859375,79.37152099609375,,1.008527686964815,0.9992393816792663,1.0179380094015562,NOT_APPLICABLE
DIA,2008-07-18,DIVIDEND,2008-07-17,True,2008-07-21,114.13999938964844,114.5999984741211,114.94999694824219,114.6500015258789,76.61927795410156,77.27477264404297,,0.9959860463298651,1.00261661943629,0.9915173520734786,NOT_APPLICABLE
DIA,2008-08-15,DIVIDEND,2008-08-14,True,2008-08-18,116.41000366210938,116.45999908447266,116.52999877929688,114.86000061035156,78.2562484741211,78.50349426269531,,0.9995707073436689,1.0145394232985474,0.9968505123129059,NOT_APPLICABLE
DIA,2008-09-19,DIVIDEND,2008-09-18,True,2008-09-22,109.97000122070312,116.13999938964844,113.56999969482422,110.5,74.0842056274414,76.74247741699219,,0.9468744773431156,1.0277828026680924,0.965361141847081,NOT_APPLICABLE
DIA,2008-10-17,DIVIDEND,2008-10-16,True,2008-10-20,89.87000274658203,87.5999984741211,87.54000091552734,93.27999877929688,60.72770690917969,59.256134033203125,,1.0259132912328937,0.9384648591457369,1.024834101987686,NOT_APPLICABLE
DIA,2008-11-21,DIVIDEND,2008-11-20,True,2008-11-24,76.05999755859375,77.12999725341797,80.54000091552734,83.9000015258789,51.485267639160156,54.76473617553711,,0.9861273209785211,0.9599523176490626,0.9401171490014069,NOT_APPLICABLE
DIA,2008-12-19,DIVIDEND,2008-12-18,True,2008-12-22,86.36000061035156,86.73999786376953,85.36000061035156,84.95999908447266,58.72220993041992,58.22156524658203,,0.9956191230945753,1.0047081159391398,1.008598956103594,NOT_APPLICABLE
DIA,2009-01-16,DIVIDEND,2009-01-15,True,2009-01-20,82.18000030517578,83.22000122070312,82.69000244140625,79.41000366210938,56.05259323120117,56.49736404418945,,0.9875029932675774,1.0413046043072018,0.9921275829321806,NOT_APPLICABLE
DIA,2009-02-20,DIVIDEND,2009-02-19,True,2009-02-23,75.02999877929688,73.31999969482422,73.7300033569336,71.1500015258789,51.263736724853516,50.62178421020508,,1.023322409868932,1.0362614444936629,1.0126813490410127,NOT_APPLICABLE
DIA,2009-03-20,DIVIDEND,2009-03-19,True,2009-03-23,74.11000061035156,74.43000030517578,72.73999786376953,77.76000213623047,50.882652282714844,50.061607360839844,,0.995700662454492,0.935442333660611,1.016400690372504,NOT_APPLICABLE
DIA,2009-04-17,DIVIDEND,2009-04-16,True,2009-04-20,81.26000213623047,81.44000244140625,81.30999755859375,78.5199966430664,55.92530822753906,56.052154541015625,,0.9977897802089915,1.0355323616251544,0.9977369948663839,NOT_APPLICABLE
DIA,2009-05-15,DIVIDEND,2009-05-14,True,2009-05-18,83.38999938964844,83.1500015258789,82.77999877929688,85.12000274658203,57.48604202270508,57.23432922363281,,1.0028863242256807,0.9725093527751428,1.0043979339408127,NOT_APPLICABLE
DIA,2009-06-19,DIVIDEND,2009-06-18,True,2009-06-22,85.62000274658203,85.95999908447266,85.30999755859375,83.31999969482422,59.19788360595703,59.179256439208984,,0.9960447145007935,1.023883795860037,1.000314758377662,NOT_APPLICABLE
DIA,2009-07-17,DIVIDEND,2009-07-16,True,2009-07-20,87.2300033569336,87.22000122070312,87.45999908447266,88.33000183105469,60.51109313964844,60.75844955444336,,1.0001146770934475,0.9901505408293091,0.995928855712928,NOT_APPLICABLE
DIA,2009-08-21,DIVIDEND,2009-08-20,True,2009-08-24,93.79000091552734,93.9800033569336,95.02999877929688,95.12999725341797,65.15583038330078,66.24966430664062,,0.9979782673481653,0.9989488229054111,0.9834892156090487,NOT_APPLICABLE
DIA,2009-09-18,DIVIDEND,2009-09-17,True,2009-09-21,98.05999755859375,98.33999633789062,98.11000061035156,97.73999786376953,68.36204528808594,68.51920318603516,,0.9971527477148279,1.0037855816929497,0.9977063671110926,NOT_APPLICABLE
DIA,2009-10-16,DIVIDEND,2009-10-15,True,2009-10-19,100.6500015258789,99.73999786376953,99.98999786376953,100.86000061035156,70.29306030273438,69.8973617553711,,1.009123758588328,0.9913741548550741,1.005661137093388,NOT_APPLICABLE
DIA,2009-11-20,DIVIDEND,2009-11-19,True,2009-11-23,103.6500015258789,102.91999816894531,103.25,104.45999908447266,72.45594024658203,72.41236114501953,,1.0070929204228636,0.988416627464316,1.0006018185413845,NOT_APPLICABLE
DIA,2009-12-18,DIVIDEND,2009-12-17,True,2009-12-21,103.37999725341797,103.44999694824219,103.13999938964844,103.87999725341797,72.50360870361328,72.61624908447266,,0.9993233475409454,0.992876416217414,0.9984488267807892,NOT_APPLICABLE
DIA,2010-02-19,DIVIDEND,2010-02-18,True,2010-02-22,104.16999816894531,103.69999694824219,103.98999786376953,103.83999633789062,73.34139251708984,73.40142822265625,,1.0045323166300353,1.001444544791689,0.9991820907709821,NOT_APPLICABLE
DIA,2010-03-19,DIVIDEND,2010-03-18,True,2010-03-22,107.94999694824219,107.33999633789062,107.33999633789062,107.79000091552734,76.1966323852539,75.91158294677734,,1.0056828827199824,0.9958251732645463,1.0037550190288669,NOT_APPLICABLE
DIA,2010-04-16,DIVIDEND,2010-04-15,True,2010-04-19,111.55999755859375,111.26000213623047,110.18000030517578,110.83999633789062,78.89598083496094,77.98367309570312,,1.0026963456462634,0.9940455065452828,1.0116987018313206,NOT_APPLICABLE
DIA,2010-05-21,DIVIDEND,2010-05-20,True,2010-05-24,101.11000061035156,99.30000305175781,101.83999633789062,100.68000030517578,71.56407165527344,72.35337829589844,,1.0182275680057162,1.0115216133214018,0.9890909497356567,NOT_APPLICABLE
DIA,2010-06-18,DIVIDEND,2010-06-17,True,2010-06-21,104.55999755859375,104.51000213623047,104.48999786376953,104.44999694824219,74.2859115600586,74.37125396728516,,1.0004783793066823,1.0003829671296895,0.9988524812656231,NOT_APPLICABLE
DIA,2010-07-16,DIVIDEND,2010-07-15,True,2010-07-19,103.69999694824219,103.01000213623047,101.01000213623047,101.62000274658203,73.8089828491211,71.95892333984375,,1.006698328295336,0.99399723879291,1.0257099387179542,NOT_APPLICABLE
DIA,2010-08-20,DIVIDEND,2010-08-19,True,2010-08-23,103.05999755859375,102.43000030517578,102.13999938964844,101.76000213623047,73.41931915283203,73.0360336303711,,1.0061505150008883,1.0037342496603847,1.005247896187801,NOT_APPLICABLE
DIA,2010-09-17,DIVIDEND,2010-09-16,True,2010-09-20,106.19000244140625,106.3499984741211,106.06999969482422,107.5199966430664,75.93202209472656,75.98290252685547,,0.9984955708978804,0.9865141648668784,0.9993303699853935,NOT_APPLICABLE
DIA,2010-10-15,DIVIDEND,2010-10-14,True,2010-10-18,111.06999969482422,111.43000030517578,110.68000030517578,111.01000213623047,79.56462097167969,79.35173034667969,,0.9967692667202224,0.9970272784010065,1.0026828731279067,NOT_APPLICABLE
DIA,2010-11-19,DIVIDEND,2010-11-18,True,2010-11-22,112.1500015258789,111.66000366210938,112.01000213623047,111.81999969482422,80.40557861328125,80.56456756591797,,1.00438830241536,1.0016991812012592,0.9980265648108068,NOT_APPLICABLE
DIA,2010-12-17,DIVIDEND,2010-12-16,True,2010-12-20,115.23999786376953,114.93000030517578,114.94999694824219,114.75,82.88772583007812,82.86832427978516,,1.0026972727553347,1.0017428927951388,1.0002341250467122,NOT_APPLICABLE
DIA,2010-12-29,DIVIDEND,2010-12-28,True,2010-12-30,115.79000091552734,115.70999908447266,115.6500015258789,115.44999694824219,83.47383880615234,83.55191040039062,,1.0006913994614786,1.0017323913635647,0.9990655917517127,NOT_APPLICABLE
DIA,2011-01-21,DIVIDEND,2011-01-20,True,2011-01-24,118.12000274658203,118.70999908447266,118.45999908447266,119.55999755859375,85.33629608154297,85.68643951416016,,0.9950299356209178,0.9907996111025177,0.9959136657491839,NOT_APPLICABLE
DIA,2011-02-18,DIVIDEND,2011-02-17,True,2011-02-22,123.16000366210938,122.97000122070312,123.5999984741211,121.88999938964844,89.0861587524414,89.62268829345703,,1.0015451121372703,1.014029035138529,0.9940134629831808,NOT_APPLICABLE
DIA,2011-03-18,DIVIDEND,2011-03-17,True,2011-03-21,117.69000244140625,118.83000183105469,118.2699966430664,120.06999969482422,85.33734130859375,85.92290496826172,,0.9904064682985596,0.9850087194442176,0.9931850109131638,NOT_APPLICABLE
DIA,2011-04-15,DIVIDEND,2011-04-14,True,2011-04-18,122.72000122070312,122.87999725341797,123.19000244140625,121.73999786376953,89.1558609008789,89.5790023803711,,0.9986979489234128,1.0119106670205409,0.9952763318607252,NOT_APPLICABLE
DIA,2011-05-20,DIVIDEND,2011-05-19,True,2011-05-23,126.18000030517578,125.51000213623047,124.8499984741211,123.5199966430664,91.75326538085938,91.08570861816406,,1.0053382053823734,1.0107675021632163,1.0073288858682952,NOT_APPLICABLE
DIA,2011-06-17,DIVIDEND,2011-06-16,True,2011-06-20,119.52999877929688,120.2300033569336,119.73999786376953,120.54000091552734,87.20446014404297,87.50992584228516,,0.9941777879223826,0.9933631736711331,0.9965093594206363,NOT_APPLICABLE
DIA,2011-07-15,DIVIDEND,2011-07-14,True,2011-07-18,124.20999908447266,124.70999908447266,124.55999755859375,123.62000274658203,90.7767333984375,91.11463928222656,,0.9959906983909019,1.00760390544513,0.9962914204956417,NOT_APPLICABLE
DIA,2011-08-19,DIVIDEND,2011-08-18,True,2011-08-22,110.06999969482422,108.29000091552734,107.91000366210938,108.30000305175781,80.51536560058594,79.23696899414062,,1.016437332756931,0.996398897703982,1.016133840335814,NOT_APPLICABLE
DIA,2011-09-16,DIVIDEND,2011-09-15,True,2011-09-19,114.26000213623047,114.61000061035156,114.86000061035156,113.72000122070312,83.8996810913086,84.49553680419922,,0.9969461785860118,1.010024616403547,0.9929480806273662,NOT_APPLICABLE
DIA,2011-10-21,DIVIDEND,2011-10-20,True,2011-10-24,115.33000183105469,116.44999694824219,117.8499984741211,118.87999725341797,84.84131622314453,86.83441925048828,,0.9903821799352619,0.9913358108757253,0.9770470851933227,NOT_APPLICABLE
DIA,2011-11-18,DIVIDEND,2011-11-17,True,2011-11-21,117.83000183105469,117.95999908447266,117.7300033569336,115.16000366210938,86.81969451904297,86.9563217163086,,0.9988979547776626,1.022316773298869,0.9984287836172353,NOT_APPLICABLE
DIA,2011-12-16,DIVIDEND,2011-12-15,True,2011-12-19,118.80999755859375,119.0999984741211,118.22000122070312,117.36000061035156,87.7540054321289,87.58068084716797,,0.9975650636503547,1.0073278851898344,1.0019790276038547,NOT_APPLICABLE
DIA,2012-01-20,DIVIDEND,2012-01-19,True,2012-01-23,126.16999816894531,126.04000091552734,126.95999908447266,126.80999755859375,93.47023010253906,94.18014526367188,,1.0010313967984266,1.001182884068818,0.9924621568681457,NOT_APPLICABLE
DIA,2012-02-17,DIVIDEND,2012-02-16,True,2012-02-21,129.07000732421875,129.30999755859375,129.22999572753906,129.35000610351562,95.74542236328125,96.111328125,,0.9981440705366478,0.9990722043269135,0.9961928966246012,NOT_APPLICABLE
DIA,2012-03-16,DIVIDEND,2012-03-15,True,2012-03-19,132.41000366210938,132.52999877929688,132.0500030517578,132.07000732421875,98.476318359375,98.39806365966797,,0.9990945814661378,0.999848532813269,1.0007952869883465,NOT_APPLICABLE
DIA,2012-04-20,DIVIDEND,2012-04-19,True,2012-04-23,129.5399932861328,129.9600067138672,129.97999572753906,129.02000427246094,96.52772521972656,96.9671859741211,,0.9967681332253305,1.0074406403913214,0.9954679436143293,NOT_APPLICABLE
DIA,2012-05-18,DIVIDEND,2012-05-17,True,2012-05-21,124.56999969482422,124.52999877929688,123.30999755859375,124.80999755859375,92.93123626708984,92.30689239501953,,1.000321215096117,0.9879817319979051,1.0067637838938233,NOT_APPLICABLE
DIA,2012-06-15,DIVIDEND,2012-06-14,True,2012-06-18,126.37000274658203,126.7699966430664,127.33999633789062,127.12999725341797,94.59754943847656,95.48985290527344,,0.9968447274033572,1.001651845268698,0.9906555153280836,NOT_APPLICABLE
DIA,2012-07-20,DIVIDEND,2012-07-19,True,2012-07-23,129.32000732421875,128.35000610351562,128.0399932861328,126.91000366210938,96.97466278076172,96.17096710205078,,1.0075574692214724,1.0089038656639864,1.0083569470384768,NOT_APPLICABLE
DIA,2012-08-17,DIVIDEND,2012-08-16,True,2012-08-20,132.57000732421875,132.2899932861328,132.4199981689453,132.3800048828125,99.57347869873047,99.7232894897461,,1.0021166683218456,1.0003021097194265,0.9984977351651538,NOT_APPLICABLE
DIA,2012-09-21,DIVIDEND,2012-09-20,True,2012-09-24,135.9499969482422,136.2100067138672,135.47000122070312,135.32000732421875,102.38162994384766,102.2315444946289,,0.9980911111312755,1.0011084384301354,1.0014680933361682,NOT_APPLICABLE
DIA,2012-10-19,DIVIDEND,2012-10-18,True,2012-10-22,135.36000061035156,134.8000030517578,133.11000061035156,133.10000610351562,102.1484603881836,100.58951568603516,,1.0041542844652513,1.000075090205692,1.0154980833888723,NOT_APPLICABLE
DIA,2012-11-16,DIVIDEND,2012-11-15,True,2012-11-19,125.51000213623047,125.25,125.5999984741211,127.62999725341797,94.84632873535156,95.15921783447266,,1.0020758653591255,0.9840946578157,0.996711941247086,NOT_APPLICABLE
DIA,2012-12-21,DIVIDEND,2012-12-20,True,2012-12-24,133.19000244140625,131.05999755859375,131.7899932861328,130.97000122070312,100.90972900390625,100.15960693359375,,1.0162521358346601,1.006260915154516,1.0074892673132176,NOT_APPLICABLE
DIA,2013-01-18,DIVIDEND,2013-01-17,True,2013-01-22,135.8300018310547,135.80999755859375,136.08999633789062,136.74000549316406,103.23002624511719,103.5380630493164,,1.0001472960225355,0.9952463863597992,0.9970248931153706,NOT_APPLICABLE
DIA,2013-02-15,DIVIDEND,2013-02-14,True,2013-02-19,139.86000061035156,139.50999450683594,139.4499969482422,139.97000122070312,106.40632629394531,106.36585998535156,,1.002508824581012,0.9962848877050375,1.000380444520444,NOT_APPLICABLE
DIA,2013-03-15,DIVIDEND,2013-03-14,True,2013-03-18,145.3300018310547,144.82000732421875,144.82000732421875,144.1699981689453,110.85089111328125,110.69194793701172,,1.0035215749277941,1.0045086298365054,1.00143590549477,NOT_APPLICABLE
DIA,2013-04-19,DIVIDEND,2013-04-18,True,2013-04-22,145.17999267578125,144.7100067138672,145.13999938964844,145.32000732421875,110.96707153320312,111.04434204101562,,1.0032477779013815,0.9987612997144385,0.9993041472767342,NOT_APPLICABLE
DIA,2013-05-17,DIVIDEND,2013-05-16,True,2013-05-20,152.4499969482422,152.4199981689453,153.13999938964844,153.0399932861328,116.63714599609375,117.49565887451172,,1.000196816557258,1.000653463851953,0.9926932374639059,NOT_APPLICABLE
DIA,2013-06-21,DIVIDEND,2013-06-20,True,2013-06-24,147.5800018310547,148.02999877929688,147.72999572753906,146.27999877929688,113.229736328125,113.5788345336914,,0.9969600962510774,1.0099124758021765,0.9969263797520052,NOT_APPLICABLE
DIA,2013-07-19,DIVIDEND,2013-07-18,True,2013-07-22,155.33999633789062,154.8800048828125,155.1199951171875,155.11000061035156,119.42952728271484,119.41883087158203,,1.0029699860574395,1.0000644349609735,1.0000895705564588,NOT_APPLICABLE
DIA,2013-08-16,DIVIDEND,2013-08-15,True,2013-08-19,151.1199951171875,150.5800018310547,150.5,149.74000549316406,116.33932495117188,116.15655517578125,,1.0035860889863626,1.005075427266968,1.0015734779248062,NOT_APPLICABLE
DIA,2013-09-20,DIVIDEND,2013-09-19,True,2013-09-23,156.32000732421875,156.16000366210938,154.3000030517578,153.7100067138672,120.6484146118164,119.32133483886719,,1.001024613590914,1.0038383729888771,1.011121898483128,NOT_APPLICABLE
DIA,2013-10-18,DIVIDEND,2013-10-17,True,2013-10-21,153.47999572753906,153.66000366210938,153.60000610351562,153.52999877929688,118.68731689453125,118.91183471679688,,0.9988285309756588,1.0004559846595151,0.9981118967443372,NOT_APPLICABLE
DIA,2013-11-15,DIVIDEND,2013-11-14,True,2013-11-18,158.72999572753906,158.57000732421875,159.3000030517578,159.44000244140625,122.88330078125,123.55657958984375,,1.0010089449197868,0.9991219305851435,0.9945508461724276,NOT_APPLICABLE
DIA,2013-12-20,DIVIDEND,2013-12-19,True,2013-12-23,161.8800048828125,161.6199951171875,162.00999450683594,162.6199951171875,125.55762481689453,125.96592712402344,,1.0016087722650682,0.996248920005735,0.9967586289685552,NOT_APPLICABLE
DIA,2014-01-17,DIVIDEND,2014-01-16,True,2014-01-21,163.97999572753906,163.7899932861328,164.0800018310547,163.72999572753906,127.49759674072266,127.67887115478516,,1.0011600369326246,1.0021377030028027,0.9985802316982992,NOT_APPLICABLE
DIA,2014-02-21,DIVIDEND,2014-02-20,True,2014-02-24,161.30999755859375,161.0800018310547,160.80999755859375,161.66000366210938,125.52334594726562,125.47262573242188,,1.0014278353918837,0.9947420135824552,1.0004042333102354,NOT_APPLICABLE
DIA,2014-03-21,DIVIDEND,2014-03-20,True,2014-03-24,163.3000030517578,163.47000122070312,162.6300048828125,162.44000244140625,127.41548919677734,127.11227416992188,,0.9989600650414396,1.001169677656677,1.0023854110772192,NOT_APPLICABLE
DIA,2014-04-17,DIVIDEND,2014-04-16,True,2014-04-21,164.02000427246094,163.61000061035156,163.75,164.02999877929688,128.1986846923828,128.0906524658203,,1.0025059816672566,0.9982930026130549,1.0008434044521033,NOT_APPLICABLE
DIA,2014-05-16,DIVIDEND,2014-05-15,True,2014-05-19,164.5500030517578,164.16000366210938,164.61000061035156,164.7100067138672,128.71646118164062,129.09373474121094,,1.0023757272231253,0.9993928352896655,0.9970775223110043,NOT_APPLICABLE
DIA,2014-06-20,DIVIDEND,2014-06-19,True,2014-06-23,169.08999633789062,169.25,169.0800018310547,168.91000366210938,132.60704040527344,132.85549926757812,,0.999054631243076,1.0010064422784892,0.9981298563952985,NOT_APPLICABLE
DIA,2014-07-18,DIVIDEND,2014-07-17,True,2014-07-21,169.61000061035156,169.9499969482422,170.5800018310547,170.17999267578125,133.27182006835938,134.17803955078125,,0.9979994331038784,1.0023505063608478,0.99324614157834,NOT_APPLICABLE
DIA,2014-08-15,DIVIDEND,2014-08-14,True,2014-08-18,167.10000610351562,167.4199981689453,166.35000610351562,168.05999755859375,131.4407501220703,131.08285522460938,,0.9980886867224381,0.9898251131743475,1.002730295253698,NOT_APPLICABLE
DIA,2014-09-19,DIVIDEND,2014-09-18,True,2014-09-22,172.61000061035156,173.0,172.4499969482422,171.41000366210938,136.01573181152344,136.21560668945312,,0.9977456682679281,1.006067284662002,0.9985326580207114,NOT_APPLICABLE
DIA,2014-11-21,DIVIDEND,2014-11-20,True,2014-11-24,177.25,178.52000427246094,177.6999969482422,177.8000030517578,140.0070037841797,140.7180938720703,,0.9928859273915173,0.9994375359853818,0.9949467046609011,NOT_APPLICABLE
DIA,2014-12-19,DIVIDEND,2014-12-18,True,2014-12-22,177.7899932861328,177.7899932861328,177.64999389648438,179.36000061035156,140.78936767578125,140.98226928710938,,1.0,0.9904660642950037,0.9986317314063424,NOT_APPLICABLE
DIA,2015-01-16,DIVIDEND,2015-01-15,True,2015-01-20,173.05999755859375,172.57000732421875,174.6699981689453,174.89999389648438,137.3396759033203,138.73602294921875,,1.0028393707688406,0.9986849872180373,0.9899352236267466,NOT_APPLICABLE
DIA,2015-02-20,DIVIDEND,2015-02-19,True,2015-02-23,180.08999633789062,179.14999389648438,181.13999938964844,180.9199981689453,143.04098510742188,144.267578125,,1.0052470135273877,1.0012160138344557,0.9914977915792323,NOT_APPLICABLE
DIA,2015-03-20,DIVIDEND,2015-03-19,True,2015-03-23,179.66000366210938,180.4600067138672,180.9600067138672,180.85000610351562,143.0886993408203,144.37403869628906,,0.9955668678821105,1.0006082422263707,0.991097157306982,NOT_APPLICABLE
DIA,2015-04-17,DIVIDEND,2015-04-16,True,2015-04-20,180.91000366210938,179.27000427246094,177.94000244140625,180.02999877929688,144.33404541015625,142.05723571777344,,1.0091482085712227,0.9883908440145422,1.0160274109296774,NOT_APPLICABLE
DIA,2015-05-15,DIVIDEND,2015-05-14,True,2015-05-18,182.5399932861328,182.24000549316406,182.47999572753906,182.67999267578125,145.7296142578125,146.00408935546875,,1.0016461138275152,0.9989052060638236,0.9981200862327356,NOT_APPLICABLE
DIA,2015-06-19,DIVIDEND,2015-06-18,True,2015-06-22,181.3300018310547,180.63999938964844,179.75999450683594,180.9199981689453,145.083984375,144.20947265625,,1.003819765521134,0.993588306025594,1.0060641766635854,NOT_APPLICABLE
DIA,2015-07-17,DIVIDEND,2015-07-16,True,2015-07-20,181.07000732421875,180.49000549316406,180.5399932861328,180.69000244140625,145.260498046875,144.97308349609375,,1.0032134844778242,0.999169798255318,1.0019825373362428,NOT_APPLICABLE
DIA,2015-08-21,DIVIDEND,2015-08-20,True,2015-08-24,170.22000122070312,167.7899932861328,164.41000366210938,158.3800048828125,136.68605041503906,132.44854736328125,,1.01448243656835,1.0380729801325523,1.0319935789113273,NOT_APPLICABLE
DIA,2015-09-18,DIVIDEND,2015-09-17,True,2015-09-21,166.80999755859375,164.0,163.5399932861328,164.89999389648438,134.38201904296875,132.00721740722656,,1.0171341314548399,0.9917525733129784,1.0179899378411728,NOT_APPLICABLE
DIA,2015-10-16,DIVIDEND,2015-10-15,True,2015-10-19,171.32000732421875,171.44000244140625,171.8800048828125,172.1199951171875,138.28721618652344,138.80404663085938,,0.9993000751546973,0.9986056806810178,0.9962765462759856,NOT_APPLICABLE
DIA,2015-11-20,DIVIDEND,2015-11-19,True,2015-11-23,177.66000366210938,178.1699981689453,178.05999755859375,177.74000549316406,143.4718017578125,144.26011657714844,,0.9971375960482844,1.0018003378842137,0.9945354624823531,NOT_APPLICABLE
DIA,2015-12-18,DIVIDEND,2015-12-17,True,2015-12-21,175.10000610351562,173.83999633789062,171.0,172.25,141.86195373535156,138.86373901367188,,1.007248100507181,0.9927431059506531,1.021591055685059,NOT_APPLICABLE
DIA,2016-01-15,DIVIDEND,2016-01-14,True,2016-01-19,163.58999633789062,159.25999450683594,159.67999267578125,160.02000427246094,132.846435546875,129.73939514160156,,1.0271882580711054,0.9978751931783432,1.0239483188732483,NOT_APPLICABLE
DIA,2016-02-19,DIVIDEND,2016-02-18,True,2016-02-22,164.52000427246094,163.17999267578125,163.6999969482422,165.94000244140625,133.67176818847656,133.50308227539062,,1.0082118620959992,0.9865011120874545,1.0012635357192576,NOT_APPLICABLE
DIA,2016-03-18,DIVIDEND,2016-03-17,True,2016-03-21,174.94000244140625,175.27000427246094,175.69000244140625,176.00999450683594,142.66970825195312,143.5890350341797,,0.9981171802190312,0.9981819665052187,0.9935975140301784,NOT_APPLICABLE
DIA,2016-04-15,DIVIDEND,2016-04-14,True,2016-04-18,179.11000061035156,178.99000549316406,178.67999267578125,179.77999877929688,146.38418579101562,146.13890075683594,,1.000670401215179,0.9938813766215115,1.0016784376569783,NOT_APPLICABLE
DIA,2016-05-20,DIVIDEND,2016-05-19,True,2016-05-23,174.67999267578125,174.72000122070312,174.75999450683594,174.77999877929688,142.8673095703125,143.43528747558594,,0.9997710133662869,0.999885545985807,0.99604018010303,NOT_APPLICABLE
DIA,2016-06-17,DIVIDEND,2016-06-16,True,2016-06-20,177.4600067138672,177.14999389648438,176.52000427246094,177.8000030517578,145.6513214111328,145.17027282714844,,1.0017500018518994,0.9928009068766761,1.0033136851961224,NOT_APPLICABLE
DIA,2016-07-15,DIVIDEND,2016-07-14,True,2016-07-18,184.9600067138672,185.35000610351562,184.8800048828125,185.0800018310547,152.1113739013672,152.15655517578125,,0.9978958760355766,0.9989194027109166,0.9997030606117373,NOT_APPLICABLE
DIA,2016-08-19,DIVIDEND,2016-08-18,True,2016-08-22,186.33999633789062,185.3000030517578,185.32000732421875,185.1199951171875,153.358154296875,153.05758666992188,,1.0056124839126004,1.0010804462635419,1.0019637551688392,NOT_APPLICABLE
DIA,2016-09-16,DIVIDEND,2016-09-15,True,2016-09-19,182.25999450683594,181.5,180.97000122070312,180.97999572753906,150.53016662597656,149.7556915283203,,1.0041872975583248,0.9999447756267439,1.0051715904066978,NOT_APPLICABLE
DIA,2016-10-21,DIVIDEND,2016-10-20,True,2016-10-24,181.5399932861328,180.60000610351562,181.22000122070312,181.9600067138672,150.22735595703125,150.111328125,,1.005204801499721,0.9959331420869437,1.0007729452099354,NOT_APPLICABLE
DIA,2016-11-18,DIVIDEND,2016-11-17,True,2016-11-21,189.3000030517578,188.89999389648438,188.4600067138672,189.33999633789062,156.8043212890625,156.54937744140625,,1.0021175710333408,0.9953523310391692,1.001628520354555,NOT_APPLICABLE
DIA,2016-12-16,DIVIDEND,2016-12-15,True,2016-12-19,198.66000366210938,198.6999969482422,198.19000244140625,198.60000610351562,165.02224731445312,164.9906768798828,,0.9997987252805886,0.9979355304657157,1.000191346778905,NOT_APPLICABLE
MDY,2003-03-21,DIVIDEND,2003-03-20,True,2003-03-24,76.48999786376953,76.30000305175781,77.44999694824219,75.0,57.65578842163086,58.550079345703125,,1.0024901022858785,1.0326666259765624,0.9847260510307422,NOT_APPLICABLE
MDY,2003-06-20,DIVIDEND,2003-06-19,True,2003-06-23,88.80999755859375,89.05000305175781,88.4000015258789,87.30000305175781,67.13790893554688,66.97725677490234,,0.9973048233022006,1.0126002111760402,1.0023986076525118,NOT_APPLICABLE
MDY,2003-09-19,DIVIDEND,2003-09-18,True,2003-09-22,97.69999694824219,97.73999786376953,97.13999938964844,96.4800033569336,74.02356719970703,73.75176239013672,,0.9995907415960547,1.0068407546615972,1.003685400873982,NOT_APPLICABLE
MDY,2003-12-19,DIVIDEND,2003-12-18,True,2003-12-22,104.26000213623047,104.08999633789062,103.66000366210938,104.5,79.1574935913086,78.88047790527344,,1.001633257799222,0.9919617575321471,1.0035118408685078,NOT_APPLICABLE
MDY,2004-03-19,DIVIDEND,2004-03-18,True,2004-03-22,109.08000183105469,108.73999786376953,107.69999694824219,106.26000213623047,83.00483703613281,82.13999938964844,,1.003126760842051,1.01355161662961,1.0105288246032464,NOT_APPLICABLE
MDY,2004-06-18,DIVIDEND,2004-06-17,True,2004-06-21,109.13999938964844,108.56999969482422,108.37999725341797,108.55000305175781,83.23822784423828,82.8628158569336,,1.005250066283747,0.9984338480556395,1.004530524137061,NOT_APPLICABLE
MDY,2004-09-17,DIVIDEND,2004-09-16,True,2004-09-20,108.69999694824219,108.47000122070312,108.16999816894531,107.75,83.10748291015625,82.88143157958984,,1.0021203625421844,1.0038978948393997,1.0027274062025502,NOT_APPLICABLE
MDY,2004-12-17,DIVIDEND,2004-12-16,True,2004-12-20,119.30000305175781,118.9000015258789,118.97000122070312,118.87999725341797,91.409423828125,91.39097595214844,,1.0033641843628727,1.0007570993385313,1.0002018566470525,NOT_APPLICABLE
MDY,2005-03-18,DIVIDEND,2005-03-17,True,2005-03-21,121.80000305175781,121.86000061035156,120.61000061035156,121.1500015258789,93.56494903564453,92.82687377929688,,0.999507651745501,0.9955427081409323,1.007951094616226,NOT_APPLICABLE
MDY,2005-06-17,DIVIDEND,2005-06-16,True,2005-06-20,126.7699966430664,126.87000274658203,126.0999984741211,126.1500015258789,97.56786346435547,97.4264907836914,,0.9992117435063402,0.9996036222659296,1.0014510702328172,NOT_APPLICABLE
MDY,2005-09-16,DIVIDEND,2005-09-15,True,2005-09-19,130.39999389648438,130.47999572753906,130.35000610351562,130.0500030517578,100.74871826171875,100.95551300048828,,0.9993868651619077,1.0023068284868737,0.9979516251007656,NOT_APPLICABLE
MDY,2005-12-16,DIVIDEND,2005-12-15,True,2005-12-19,136.2899932861328,136.64999389648438,135.10000610351562,134.2100067138672,105.55603790283203,104.9145736694336,,0.9973655277977965,1.0066313936750326,1.0061141575566,NOT_APPLICABLE
MDY,2006-03-17,DIVIDEND,2006-03-16,True,2006-03-20,142.8300018310547,142.99000549316406,143.02999877929688,142.5399932861328,110.91749572753906,111.36910247802734,,0.998881015064252,1.0034376702416454,0.9959449547456183,NOT_APPLICABLE
MDY,2006-06-16,DIVIDEND,2006-06-15,True,2006-06-19,135.75,135.75,134.77999877929688,132.35000610351562,105.7005386352539,105.25932312011719,,1.0,1.0183603518225808,1.0041917000989378,NOT_APPLICABLE
MDY,2006-09-15,DIVIDEND,2006-09-14,True,2006-09-18,137.6199951171875,138.08999633789062,136.97999572753906,137.10000610351562,107.47725677490234,107.24239349365234,,0.9965964136927552,0.9991246508341804,1.0021900227475238,NOT_APPLICABLE
MDY,2006-12-15,DIVIDEND,2006-12-14,True,2006-12-18,149.42999267578125,149.35000610351562,148.4199981689453,147.3699951171875,116.98957061767578,116.6665267944336,,1.0005355645731289,1.0071249446057378,1.0027689503760697,NOT_APPLICABLE
MDY,2007-03-16,DIVIDEND,2007-03-15,True,2007-03-19,151.08999633789062,150.50999450683594,149.72999572753906,151.39999389648438,118.76528930664062,118.17568969726562,,1.0038535768535182,0.9889696285583266,1.004989178492509,NOT_APPLICABLE
MDY,2007-06-15,DIVIDEND,2007-06-14,True,2007-06-18,165.16000366210938,166.17999267578125,165.75999450683594,165.10000610351562,130.35398864746094,131.1642608642578,,0.9938621431061085,1.0039975068378042,0.9938224619156324,NOT_APPLICABLE
MDY,2007-09-21,DIVIDEND,2007-09-20,True,2007-09-24,160.25,160.85000610351562,159.89999389648438,159.39999389648438,126.80420684814453,126.80503845214844,,0.9962697787954731,1.003136762980836,0.9999934418693921,NOT_APPLICABLE
MDY,2007-12-21,DIVIDEND,2007-12-20,True,2007-12-24,156.6199951171875,157.77999877929688,157.88999938964844,159.4199981689453,124.20384979248047,125.56941986083984,,0.9926479676062617,0.9904027173700287,0.9891249790763329,NOT_APPLICABLE
MDY,2008-03-20,DIVIDEND,2008-03-19,True,2008-03-24,137.10000610351562,137.36000061035156,138.97000122070312,143.17999267578125,109.03522491455078,110.84014892578125,,0.9981072036569549,0.9705965101939118,0.983715972698313,NOT_APPLICABLE
MDY,2008-06-20,DIVIDEND,2008-06-19,True,2008-06-23,158.10000610351562,156.83999633789062,155.14999389648438,154.61000061035156,126.09788513183594,124.08638000488281,,1.0080337273338777,1.00349261551,1.016210523079761,NOT_APPLICABLE
MDY,2008-09-19,DIVIDEND,2008-09-18,True,2008-09-22,140.6999969482422,148.47999572753906,145.0,140.5500030517578,112.52954864501953,116.32997131347656,,0.9476023774032619,1.0316613080869408,0.9673306661598329,NOT_APPLICABLE
MDY,2008-12-19,DIVIDEND,2008-12-18,True,2008-12-22,95.5199966430664,95.61000061035156,94.80999755859375,93.08999633789062,76.63336181640625,76.50827026367188,,0.999058634382276,1.0184767567769581,1.0016350069385083,NOT_APPLICABLE
MDY,2009-03-20,DIVIDEND,2009-03-19,True,2009-03-23,87.12000274658203,87.52999877929688,84.25,90.5999984741211,70.30272674560547,68.2507553100586,,0.9953159369538136,0.929911715440758,1.030065182813361,NOT_APPLICABLE
MDY,2009-06-19,DIVIDEND,2009-06-18,True,2009-06-22,104.94000244140625,105.69000244140625,104.66999816894531,101.08999633789062,85.01166534423828,85.11249542236328,,0.9929037753555187,1.035414006931889,0.9988153316663477,NOT_APPLICABLE
MDY,2009-09-18,DIVIDEND,2009-09-17,True,2009-09-21,127.91999816894531,128.13999938964844,127.30999755859375,127.01000213623047,104.01824188232422,103.83800506591797,,0.9982831182944356,1.0023619826574093,1.0017357499914588,NOT_APPLICABLE
MDY,2009-12-18,DIVIDEND,2009-12-17,True,2009-12-21,129.8800048828125,129.89999389648438,129.80999755859375,131.25999450683594,105.93416595458984,106.27642059326172,,0.9998461199798993,0.9889532453990262,0.9967795806749858,NOT_APPLICABLE
MDY,2010-03-19,DIVIDEND,2010-03-18,True,2010-03-22,144.1199951171875,142.17999267578125,142.17999267578125,143.92999267578125,117.99214935302734,116.72447967529297,,1.0136446936372414,0.9878413111300431,1.0108603583520852,NOT_APPLICABLE
MDY,2010-06-18,DIVIDEND,2010-06-17,True,2010-06-21,140.9499969482422,141.02999877929688,139.86000061035156,139.3699951171875,115.71477508544922,115.12127685546875,,0.9994327318177185,1.0035158607328072,1.005155417366727,NOT_APPLICABLE
MDY,2010-09-17,DIVIDEND,2010-09-16,True,2010-09-20,141.66000366210938,142.07000732421875,141.69000244140625,144.02999877929688,116.6029281616211,116.86104583740234,,0.9971140730557316,0.9837534099998411,0.9977912428052339,NOT_APPLICABLE
MDY,2010-12-17,DIVIDEND,2010-12-16,True,2010-12-20,163.8699951171875,163.4600067138672,163.8000030517578,163.92999267578125,135.15438842773438,135.4735565185547,,1.0025081878531792,0.9992070418481593,0.9976440561610517,NOT_APPLICABLE
MDY,2011-03-18,DIVIDEND,2011-03-17,True,2011-03-21,170.52999877929688,172.00999450683594,170.99000549316406,174.4199981689453,141.03977966308594,141.78941345214844,,0.991395873642213,0.9803348657734825,0.9947130482395606,NOT_APPLICABLE
MDY,2011-06-17,DIVIDEND,2011-06-16,True,2011-06-20,169.27999877929688,170.49000549316406,169.14999389648438,170.52000427246094,140.37135314941406,140.65335083007812,,0.9929027703977891,0.9919656911702422,0.9979950873619446,NOT_APPLICABLE
MDY,2011-09-16,DIVIDEND,2011-09-15,True,2011-09-19,157.5800018310547,157.85000610351562,157.1199951171875,155.17999267578125,131.03250122070312,130.8759307861328,,0.9982894883622375,1.0125016273551417,1.001196327190415,NOT_APPLICABLE
MDY,2011-12-16,DIVIDEND,2011-12-15,True,2011-12-19,154.25999450683594,154.8300018310547,155.22000122070312,152.66000366210938,128.4935302734375,129.73817443847656,,0.9963184956566704,1.0167692748407102,0.9904064923803187,NOT_APPLICABLE
MDY,2012-03-16,DIVIDEND,2012-03-15,True,2012-03-19,182.3800048828125,182.02000427246094,181.74000549316406,182.35000610351562,152.4394073486328,152.2241973876953,,1.0019778079436406,0.9966547815194189,1.001413769720128,NOT_APPLICABLE
MDY,2012-06-15,DIVIDEND,2012-06-14,True,2012-06-18,166.0500030517578,166.0800018310547,167.25,168.61000061035156,139.08230590820312,140.51902770996094,,0.9998193715139322,0.9919340453980874,0.9897756067262059,NOT_APPLICABLE
MDY,2012-09-21,DIVIDEND,2012-09-20,True,2012-09-24,183.39999389648438,184.22000122070312,182.74000549316406,182.72999572753906,154.08779907226562,153.8782196044922,,0.9955487606189062,1.000054778995562,1.0013619826659816,NOT_APPLICABLE
MDY,2012-12-21,DIVIDEND,2012-12-20,True,2012-12-24,188.0500030517578,184.77000427246094,186.49000549316406,185.44000244140625,158.3494873046875,157.72030639648438,,1.0177517925174706,1.0056622251829919,1.0039892194136464,NOT_APPLICABLE
MDY,2013-03-15,DIVIDEND,2013-03-14,True,2013-03-18,208.49000549316406,207.3800048828125,207.63999938964844,206.63999938964844,176.3263397216797,176.02711486816406,,1.005352495825134,1.0048393341219206,1.0016998793267715,NOT_APPLICABLE
MDY,2013-06-21,DIVIDEND,2013-06-20,True,2013-06-24,207.7100067138672,207.27000427246094,206.85000610351562,204.52000427246094,176.0864715576172,175.98094177246094,,1.0021228466846936,1.0113925375629793,1.0005996659870857,NOT_APPLICABLE
MDY,2013-09-20,DIVIDEND,2013-09-19,True,2013-09-23,228.63999938964844,228.83999633789062,226.27999877929688,225.32000732421875,194.5190887451172,193.0703125,,0.9991260402401559,1.0042605690745285,1.0075038789048274,NOT_APPLICABLE
MDY,2013-12-20,DIVIDEND,2013-12-19,True,2013-12-23,237.7100067138672,237.33999633789062,239.6699981689453,241.57000732421875,202.8228302001953,205.10777282714844,,1.001558988715285,0.9921347472878809,0.988859795045999,NOT_APPLICABLE
MDY,2014-03-21,DIVIDEND,2014-03-20,True,2014-03-24,251.7100067138672,252.22999572753906,250.6999969482422,248.7899932861328,215.41146850585938,215.13262939453125,,0.9979384330869451,1.0076771723688769,1.0012961265434857,NOT_APPLICABLE
MDY,2014-06-20,DIVIDEND,2014-06-19,True,2014-06-23,259.1099853515625,258.6600036621094,259.1700134277344,258.8900146484375,222.34942626953125,223.0715789794922,,1.0017396647455434,1.0010815356462361,0.9967626861599105,NOT_APPLICABLE
MDY,2014-09-19,DIVIDEND,2014-09-18,True,2014-09-22,260.1600036621094,260.760009765625,258.010009765625,254.50999450683594,223.9237060546875,222.55221557617188,,0.9976990102736424,1.013751975695772,1.0061625559420513,NOT_APPLICABLE
MDY,2014-12-19,DIVIDEND,2014-12-18,True,2014-12-22,263.6400146484375,263.2200012207031,263.29998779296875,264.3800048828125,227.4085235595703,228.04417419433594,,1.0015956744388212,0.9959149063094901,0.9972125986686073,NOT_APPLICABLE
MDY,2015-03-20,DIVIDEND,2015-03-19,True,2015-03-23,277.30999755859375,277.7099914550781,279.6700134277344,279.510009765625,240.17822265625,242.759765625,,0.9985596704879482,1.0005724434063865,0.989365853266073,NOT_APPLICABLE
MDY,2015-06-19,DIVIDEND,2015-06-18,True,2015-06-22,281.6600036621094,280.45001220703125,279.8500061035156,281.3599853515625,244.48715209960938,243.71551513671875,,1.004314463905906,0.9946332835987316,1.0031661380378585,NOT_APPLICABLE
MDY,2015-09-18,DIVIDEND,2015-09-17,True,2015-09-21,262.0199890136719,257.9700012207031,256.6400146484375,258.19000244140625,228.18775939941406,224.27365112304688,,1.0156994525479877,0.9939967164556632,1.0174523768475134,NOT_APPLICABLE
MDY,2015-12-18,DIVIDEND,2015-12-17,True,2015-12-21,254.25,252.42999267578125,249.75,251.52999877929688,222.18508911132812,219.11703491210938,,1.0072099488057125,0.9929233141655651,1.0140018972073503,NOT_APPLICABLE
MDY,2016-03-18,DIVIDEND,2016-03-17,True,2016-03-21,259.260009765625,258.9700012207031,259.70001220703125,259.8299865722656,227.4605712890625,228.56600952148438,,1.001119853819187,0.9994997714969353,0.9951635930699575,NOT_APPLICABLE
MDY,2016-06-17,DIVIDEND,2016-06-16,True,2016-06-20,269.7699890136719,268.8900146484375,268.92999267578125,271.760009765625,237.42869567871094,237.43576049804688,,1.0032726182353215,0.989586337252915,0.9999702453441676,NOT_APPLICABLE
MDY,2016-09-16,DIVIDEND,2016-09-15,True,2016-09-19,278.8599853515625,276.2900085449219,276.3699951171875,278.4200134277344,246.20294189453125,244.98228454589844,,1.0093017363174852,0.9926369577915455,1.0049826351766433,NOT_APPLICABLE
MDY,2016-12-16,DIVIDEND,2016-12-15,True,2016-12-19,304.67999267578125,303.5,302.92999267578125,304.6600036621094,270.07708740234375,269.5564880371094,,1.0038879495083401,0.9943215027718347,1.0019313182517895,NOT_APPLICABLE
