symbol,source_timestamp,source_timestamp_utc,session_date,boundary_status,action_type,amount,numerator,denominator,split_ratio,raw_event_json
SPY,1048257000,2003-03-21T14:30:00+00:00,2003-03-21,IN_SCOPE,DIVIDEND,0.354,,,,"{""amount"":0.354,""date"":1048257000}"
SPY,1056115800,2003-06-20T13:30:00+00:00,2003-06-20,IN_SCOPE,DIVIDEND,0.36,,,,"{""amount"":0.36,""date"":1056115800}"
SPY,1063978200,2003-09-19T13:30:00+00:00,2003-09-19,IN_SCOPE,DIVIDEND,0.4,,,,"{""amount"":0.4,""date"":1063978200}"
SPY,1071844200,2003-12-19T14:30:00+00:00,2003-12-19,IN_SCOPE,DIVIDEND,0.516,,,,"{""amount"":0.516,""date"":1071844200}"
SPY,1079706600,2004-03-19T14:30:00+00:00,2004-03-19,IN_SCOPE,DIVIDEND,0.395,,,,"{""amount"":0.395,""date"":1079706600}"
SPY,1087565400,2004-06-18T13:30:00+00:00,2004-06-18,IN_SCOPE,DIVIDEND,0.414,,,,"{""amount"":0.414,""date"":1087565400}"
SPY,1095427800,2004-09-17T13:30:00+00:00,2004-09-17,IN_SCOPE,DIVIDEND,0.469,,,,"{""amount"":0.469,""date"":1095427800}"
SPY,1100529000,2004-11-15T14:30:00+00:00,2004-11-15,IN_SCOPE,DIVIDEND,0.351,,,,"{""amount"":0.351,""date"":1100529000}"
SPY,1103293800,2004-12-17T14:30:00+00:00,2004-12-17,IN_SCOPE,DIVIDEND,0.568,,,,"{""amount"":0.568,""date"":1103293800}"
SPY,1111156200,2005-03-18T14:30:00+00:00,2005-03-18,IN_SCOPE,DIVIDEND,0.467,,,,"{""amount"":0.467,""date"":1111156200}"
SPY,1119015000,2005-06-17T13:30:00+00:00,2005-06-17,IN_SCOPE,DIVIDEND,0.488,,,,"{""amount"":0.488,""date"":1119015000}"
SPY,1126877400,2005-09-16T13:30:00+00:00,2005-09-16,IN_SCOPE,DIVIDEND,0.522,,,,"{""amount"":0.522,""date"":1126877400}"
SPY,1134743400,2005-12-16T14:30:00+00:00,2005-12-16,IN_SCOPE,DIVIDEND,0.672,,,,"{""amount"":0.672,""date"":1134743400}"
SPY,1142605800,2006-03-17T14:30:00+00:00,2006-03-17,IN_SCOPE,DIVIDEND,0.519,,,,"{""amount"":0.519,""date"":1142605800}"
SPY,1150464600,2006-06-16T13:30:00+00:00,2006-06-16,IN_SCOPE,DIVIDEND,0.555,,,,"{""amount"":0.555,""date"":1150464600}"
SPY,1158327000,2006-09-15T13:30:00+00:00,2006-09-15,IN_SCOPE,DIVIDEND,0.579,,,,"{""amount"":0.579,""date"":1158327000}"
SPY,1166193000,2006-12-15T14:30:00+00:00,2006-12-15,IN_SCOPE,DIVIDEND,0.793,,,,"{""amount"":0.793,""date"":1166193000}"
SPY,1174051800,2007-03-16T13:30:00+00:00,2007-03-16,IN_SCOPE,DIVIDEND,0.551,,,,"{""amount"":0.551,""date"":1174051800}"
SPY,1181914200,2007-06-15T13:30:00+00:00,2007-06-15,IN_SCOPE,DIVIDEND,0.656,,,,"{""amount"":0.656,""date"":1181914200}"
SPY,1190381400,2007-09-21T13:30:00+00:00,2007-09-21,IN_SCOPE,DIVIDEND,0.719,,,,"{""amount"":0.719,""date"":1190381400}"
SPY,1198247400,2007-12-21T14:30:00+00:00,2007-12-21,IN_SCOPE,DIVIDEND,0.775,,,,"{""amount"":0.775,""date"":1198247400}"
SPY,1206019800,2008-03-20T13:30:00+00:00,2008-03-20,IN_SCOPE,DIVIDEND,0.642,,,,"{""amount"":0.642,""date"":1206019800}"
SPY,1213968600,2008-06-20T13:30:00+00:00,2008-06-20,IN_SCOPE,DIVIDEND,0.669,,,,"{""amount"":0.669,""date"":1213968600}"
SPY,1221831000,2008-09-19T13:30:00+00:00,2008-09-19,IN_SCOPE,DIVIDEND,0.691,,,,"{""amount"":0.691,""date"":1221831000}"
SPY,1229697000,2008-12-19T14:30:00+00:00,2008-12-19,IN_SCOPE,DIVIDEND,0.719,,,,"{""amount"":0.719,""date"":1229697000}"
SPY,1237555800,2009-03-20T13:30:00+00:00,2009-03-20,IN_SCOPE,DIVIDEND,0.561,,,,"{""amount"":0.561,""date"":1237555800}"
SPY,1245418200,2009-06-19T13:30:00+00:00,2009-06-19,IN_SCOPE,DIVIDEND,0.518,,,,"{""amount"":0.518,""date"":1245418200}"
SPY,1253280600,2009-09-18T13:30:00+00:00,2009-09-18,IN_SCOPE,DIVIDEND,0.508,,,,"{""amount"":0.508,""date"":1253280600}"
SPY,1261146600,2009-12-18T14:30:00+00:00,2009-12-18,IN_SCOPE,DIVIDEND,0.59,,,,"{""amount"":0.59,""date"":1261146600}"
SPY,1269005400,2010-03-19T13:30:00+00:00,2010-03-19,IN_SCOPE,DIVIDEND,0.48,,,,"{""amount"":0.48,""date"":1269005400}"
SPY,1276867800,2010-06-18T13:30:00+00:00,2010-06-18,IN_SCOPE,DIVIDEND,0.531,,,,"{""amount"":0.531,""date"":1276867800}"
SPY,1284730200,2010-09-17T13:30:00+00:00,2010-09-17,IN_SCOPE,DIVIDEND,0.602,,,,"{""amount"":0.602,""date"":1284730200}"
SPY,1292596200,2010-12-17T14:30:00+00:00,2010-12-17,IN_SCOPE,DIVIDEND,0.653,,,,"{""amount"":0.653,""date"":1292596200}"
SPY,1300455000,2011-03-18T13:30:00+00:00,2011-03-18,IN_SCOPE,DIVIDEND,0.553,,,,"{""amount"":0.553,""date"":1300455000}"
SPY,1308317400,2011-06-17T13:30:00+00:00,2011-06-17,IN_SCOPE,DIVIDEND,0.628,,,,"{""amount"":0.628,""date"":1308317400}"
SPY,1316179800,2011-09-16T13:30:00+00:00,2011-09-16,IN_SCOPE,DIVIDEND,0.625,,,,"{""amount"":0.625,""date"":1316179800}"
SPY,1324045800,2011-12-16T14:30:00+00:00,2011-12-16,IN_SCOPE,DIVIDEND,0.77,,,,"{""amount"":0.77,""date"":1324045800}"
SPY,1331904600,2012-03-16T13:30:00+00:00,2012-03-16,IN_SCOPE,DIVIDEND,0.614,,,,"{""amount"":0.614,""date"":1331904600}"
SPY,1339767000,2012-06-15T13:30:00+00:00,2012-06-15,IN_SCOPE,DIVIDEND,0.688,,,,"{""amount"":0.688,""date"":1339767000}"
SPY,1348234200,2012-09-21T13:30:00+00:00,2012-09-21,IN_SCOPE,DIVIDEND,0.779,,,,"{""amount"":0.779,""date"":1348234200}"
SPY,1356100200,2012-12-21T14:30:00+00:00,2012-12-21,IN_SCOPE,DIVIDEND,1.022,,,,"{""amount"":1.022,""date"":1356100200}"
SPY,1363354200,2013-03-15T13:30:00+00:00,2013-03-15,IN_SCOPE,DIVIDEND,0.694,,,,"{""amount"":0.694,""date"":1363354200}"
SPY,1371821400,2013-06-21T13:30:00+00:00,2013-06-21,IN_SCOPE,DIVIDEND,0.839,,,,"{""amount"":0.839,""date"":1371821400}"
SPY,1379683800,2013-09-20T13:30:00+00:00,2013-09-20,IN_SCOPE,DIVIDEND,0.838,,,,"{""amount"":0.838,""date"":1379683800}"
SPY,1387549800,2013-12-20T14:30:00+00:00,2013-12-20,IN_SCOPE,DIVIDEND,0.98,,,,"{""amount"":0.98,""date"":1387549800}"
SPY,1395408600,2014-03-21T13:30:00+00:00,2014-03-21,IN_SCOPE,DIVIDEND,0.825,,,,"{""amount"":0.825,""date"":1395408600}"
SPY,1403271000,2014-06-20T13:30:00+00:00,2014-06-20,IN_SCOPE,DIVIDEND,0.937,,,,"{""amount"":0.937,""date"":1403271000}"
SPY,1411133400,2014-09-19T13:30:00+00:00,2014-09-19,IN_SCOPE,DIVIDEND,0.939,,,,"{""amount"":0.939,""date"":1411133400}"
SPY,1418999400,2014-12-19T14:30:00+00:00,2014-12-19,IN_SCOPE,DIVIDEND,1.135,,,,"{""amount"":1.135,""date"":1418999400}"
SPY,1426858200,2015-03-20T13:30:00+00:00,2015-03-20,IN_SCOPE,DIVIDEND,0.931,,,,"{""amount"":0.931,""date"":1426858200}"
SPY,1434720600,2015-06-19T13:30:00+00:00,2015-06-19,IN_SCOPE,DIVIDEND,1.03,,,,"{""amount"":1.03,""date"":1434720600}"
SPY,1442583000,2015-09-18T13:30:00+00:00,2015-09-18,IN_SCOPE,DIVIDEND,1.033,,,,"{""amount"":1.033,""date"":1442583000}"
SPY,1450449000,2015-12-18T14:30:00+00:00,2015-12-18,IN_SCOPE,DIVIDEND,1.212,,,,"{""amount"":1.212,""date"":1450449000}"
SPY,1458307800,2016-03-18T13:30:00+00:00,2016-03-18,IN_SCOPE,DIVIDEND,1.05,,,,"{""amount"":1.05,""date"":1458307800}"
SPY,1466170200,2016-06-17T13:30:00+00:00,2016-06-17,IN_SCOPE,DIVIDEND,1.078,,,,"{""amount"":1.078,""date"":1466170200}"
SPY,1474032600,2016-09-16T13:30:00+00:00,2016-09-16,IN_SCOPE,DIVIDEND,1.082,,,,"{""amount"":1.082,""date"":1474032600}"
SPY,1481898600,2016-12-16T14:30:00+00:00,2016-12-16,IN_SCOPE,DIVIDEND,1.329,,,,"{""amount"":1.329,""date"":1481898600}"
QQQ,1072276200,2003-12-24T14:30:00+00:00,2003-12-24,IN_SCOPE,DIVIDEND,0.014,,,,"{""amount"":0.014,""date"":1072276200}"
QQQ,1103293800,2004-12-17T14:30:00+00:00,2004-12-17,IN_SCOPE,DIVIDEND,0.379,,,,"{""amount"":0.379,""date"":1103293800}"
QQQ,1119015000,2005-06-17T13:30:00+00:00,2005-06-17,IN_SCOPE,DIVIDEND,0.035,,,,"{""amount"":0.035,""date"":1119015000}"
QQQ,1134743400,2005-12-16T14:30:00+00:00,2005-12-16,IN_SCOPE,DIVIDEND,0.101,,,,"{""amount"":0.101,""date"":1134743400}"
QQQ,1142605800,2006-03-17T14:30:00+00:00,2006-03-17,IN_SCOPE,DIVIDEND,0.029,,,,"{""amount"":0.029,""date"":1142605800}"
QQQ,1150464600,2006-06-16T13:30:00+00:00,2006-06-16,IN_SCOPE,DIVIDEND,0.026,,,,"{""amount"":0.026,""date"":1150464600}"
QQQ,1158327000,2006-09-15T13:30:00+00:00,2006-09-15,IN_SCOPE,DIVIDEND,0.023,,,,"{""amount"":0.023,""date"":1158327000}"
QQQ,1166193000,2006-12-15T14:30:00+00:00,2006-12-15,IN_SCOPE,DIVIDEND,0.054,,,,"{""amount"":0.054,""date"":1166193000}"
QQQ,1174051800,2007-03-16T13:30:00+00:00,2007-03-16,IN_SCOPE,DIVIDEND,0.027,,,,"{""amount"":0.027,""date"":1174051800}"
QQQ,1181914200,2007-06-15T13:30:00+00:00,2007-06-15,IN_SCOPE,DIVIDEND,0.037,,,,"{""amount"":0.037,""date"":1181914200}"
QQQ,1190381400,2007-09-21T13:30:00+00:00,2007-09-21,IN_SCOPE,DIVIDEND,0.026,,,,"{""amount"":0.026,""date"":1190381400}"
QQQ,1198247400,2007-12-21T14:30:00+00:00,2007-12-21,IN_SCOPE,DIVIDEND,0.053,,,,"{""amount"":0.053,""date"":1198247400}"
QQQ,1206019800,2008-03-20T13:30:00+00:00,2008-03-20,IN_SCOPE,DIVIDEND,0.033,,,,"{""amount"":0.033,""date"":1206019800}"
QQQ,1213968600,2008-06-20T13:30:00+00:00,2008-06-20,IN_SCOPE,DIVIDEND,0.034,,,,"{""amount"":0.034,""date"":1213968600}"
QQQ,1221831000,2008-09-19T13:30:00+00:00,2008-09-19,IN_SCOPE,DIVIDEND,0.028,,,,"{""amount"":0.028,""date"":1221831000}"
QQQ,1229697000,2008-12-19T14:30:00+00:00,2008-12-19,IN_SCOPE,DIVIDEND,0.043,,,,"{""amount"":0.043,""date"":1229697000}"
QQQ,1237555800,2009-03-20T13:30:00+00:00,2009-03-20,IN_SCOPE,DIVIDEND,0.049,,,,"{""amount"":0.049,""date"":1237555800}"
QQQ,1245418200,2009-06-19T13:30:00+00:00,2009-06-19,IN_SCOPE,DIVIDEND,0.044,,,,"{""amount"":0.044,""date"":1245418200}"
QQQ,1253280600,2009-09-18T13:30:00+00:00,2009-09-18,IN_SCOPE,DIVIDEND,0.041,,,,"{""amount"":0.041,""date"":1253280600}"
QQQ,1261146600,2009-12-18T14:30:00+00:00,2009-12-18,IN_SCOPE,DIVIDEND,0.073,,,,"{""amount"":0.073,""date"":1261146600}"
QQQ,1269005400,2010-03-19T13:30:00+00:00,2010-03-19,IN_SCOPE,DIVIDEND,0.051,,,,"{""amount"":0.051,""date"":1269005400}"
QQQ,1276867800,2010-06-18T13:30:00+00:00,2010-06-18,IN_SCOPE,DIVIDEND,0.089,,,,"{""amount"":0.089,""date"":1276867800}"
QQQ,1277472600,2010-06-25T13:30:00+00:00,2010-06-25,IN_SCOPE,DIVIDEND,0.089,,,,"{""amount"":0.089,""date"":1277472600}"
QQQ,1284730200,2010-09-17T13:30:00+00:00,2010-09-17,IN_SCOPE,DIVIDEND,0.112,,,,"{""amount"":0.112,""date"":1284730200}"
QQQ,1292596200,2010-12-17T14:30:00+00:00,2010-12-17,IN_SCOPE,DIVIDEND,0.108,,,,"{""amount"":0.108,""date"":1292596200}"
QQQ,1300455000,2011-03-18T13:30:00+00:00,2011-03-18,IN_SCOPE,DIVIDEND,0.077,,,,"{""amount"":0.077,""date"":1300455000}"
QQQ,1308317400,2011-06-17T13:30:00+00:00,2011-06-17,IN_SCOPE,DIVIDEND,0.121,,,,"{""amount"":0.121,""date"":1308317400}"
QQQ,1316179800,2011-09-16T13:30:00+00:00,2011-09-16,IN_SCOPE,DIVIDEND,0.104,,,,"{""amount"":0.104,""date"":1316179800}"
QQQ,1324045800,2011-12-16T14:30:00+00:00,2011-12-16,IN_SCOPE,DIVIDEND,0.161,,,,"{""amount"":0.161,""date"":1324045800}"
QQQ,1324996200,2011-12-27T14:30:00+00:00,2011-12-27,IN_SCOPE,DIVIDEND,0.049,,,,"{""amount"":0.049,""date"":1324996200}"
QQQ,1331904600,2012-03-16T13:30:00+00:00,2012-03-16,IN_SCOPE,DIVIDEND,0.113,,,,"{""amount"":0.113,""date"":1331904600}"
QQQ,1339767000,2012-06-15T13:30:00+00:00,2012-06-15,IN_SCOPE,DIVIDEND,0.143,,,,"{""amount"":0.143,""date"":1339767000}"
QQQ,1348234200,2012-09-21T13:30:00+00:00,2012-09-21,IN_SCOPE,DIVIDEND,0.2,,,,"{""amount"":0.2,""date"":1348234200}"
QQQ,1356100200,2012-12-21T14:30:00+00:00,2012-12-21,IN_SCOPE,DIVIDEND,0.367,,,,"{""amount"":0.367,""date"":1356100200}"
QQQ,1363354200,2013-03-15T13:30:00+00:00,2013-03-15,IN_SCOPE,DIVIDEND,0.159,,,,"{""amount"":0.159,""date"":1363354200}"
QQQ,1371821400,2013-06-21T13:30:00+00:00,2013-06-21,IN_SCOPE,DIVIDEND,0.224,,,,"{""amount"":0.224,""date"":1371821400}"
QQQ,1379683800,2013-09-20T13:30:00+00:00,2013-09-20,IN_SCOPE,DIVIDEND,0.238,,,,"{""amount"":0.238,""date"":1379683800}"
QQQ,1387549800,2013-12-20T14:30:00+00:00,2013-12-20,IN_SCOPE,DIVIDEND,0.272,,,,"{""amount"":0.272,""date"":1387549800}"
QQQ,1393511400,2014-02-27T14:30:00+00:00,2014-02-27,IN_SCOPE,DIVIDEND,0.373,,,,"{""amount"":0.373,""date"":1393511400}"
QQQ,1395408600,2014-03-21T13:30:00+00:00,2014-03-21,IN_SCOPE,DIVIDEND,0.206,,,,"{""amount"":0.206,""date"":1395408600}"
QQQ,1403271000,2014-06-20T13:30:00+00:00,2014-06-20,IN_SCOPE,DIVIDEND,0.249,,,,"{""amount"":0.249,""date"":1403271000}"
QQQ,1411133400,2014-09-19T13:30:00+00:00,2014-09-19,IN_SCOPE,DIVIDEND,0.238,,,,"{""amount"":0.238,""date"":1411133400}"
QQQ,1418999400,2014-12-19T14:30:00+00:00,2014-12-19,IN_SCOPE,DIVIDEND,0.387,,,,"{""amount"":0.387,""date"":1418999400}"
QQQ,1426858200,2015-03-20T13:30:00+00:00,2015-03-20,IN_SCOPE,DIVIDEND,0.248,,,,"{""amount"":0.248,""date"":1426858200}"
QQQ,1434720600,2015-06-19T13:30:00+00:00,2015-06-19,IN_SCOPE,DIVIDEND,0.254,,,,"{""amount"":0.254,""date"":1434720600}"
QQQ,1442583000,2015-09-18T13:30:00+00:00,2015-09-18,IN_SCOPE,DIVIDEND,0.26,,,,"{""amount"":0.26,""date"":1442583000}"
QQQ,1450449000,2015-12-18T14:30:00+00:00,2015-12-18,IN_SCOPE,DIVIDEND,0.342,,,,"{""amount"":0.342,""date"":1450449000}"
QQQ,1458307800,2016-03-18T13:30:00+00:00,2016-03-18,IN_SCOPE,DIVIDEND,0.318,,,,"{""amount"":0.318,""date"":1458307800}"
QQQ,1466170200,2016-06-17T13:30:00+00:00,2016-06-17,IN_SCOPE,DIVIDEND,0.287,,,,"{""amount"":0.287,""date"":1466170200}"
QQQ,1474032600,2016-09-16T13:30:00+00:00,2016-09-16,IN_SCOPE,DIVIDEND,0.294,,,,"{""amount"":0.294,""date"":1474032600}"
QQQ,1481898600,2016-12-16T14:30:00+00:00,2016-12-16,IN_SCOPE,DIVIDEND,0.355,,,,"{""amount"":0.355,""date"":1481898600}"
IWM,1047047400,2003-03-07T14:30:00+00:00,2003-03-07,IN_SCOPE,DIVIDEND,0.08,,,,"{""amount"":0.08,""date"":1047047400}"
IWM,1055511000,2003-06-13T13:30:00+00:00,2003-06-13,IN_SCOPE,DIVIDEND,0.075,,,,"{""amount"":0.075,""date"":1055511000}"
IWM,1063373400,2003-09-12T13:30:00+00:00,2003-09-12,IN_SCOPE,DIVIDEND,0.1185,,,,"{""amount"":0.1185,""date"":1063373400}"
IWM,1071239400,2003-12-12T14:30:00+00:00,2003-12-12,IN_SCOPE,DIVIDEND,0.1875,,,,"{""amount"":0.1875,""date"":1071239400}"
IWM,1071585000,2003-12-16T14:30:00+00:00,2003-12-16,IN_SCOPE,DIVIDEND,0.115,,,,"{""amount"":0.115,""date"":1071585000}"
IWM,1080311400,2004-03-26T14:30:00+00:00,2004-03-26,IN_SCOPE,DIVIDEND,0.1045,,,,"{""amount"":0.1045,""date"":1080311400}"
IWM,1088170200,2004-06-25T13:30:00+00:00,2004-06-25,IN_SCOPE,DIVIDEND,0.1525,,,,"{""amount"":0.1525,""date"":1088170200}"
IWM,1096032600,2004-09-24T13:30:00+00:00,2004-09-24,IN_SCOPE,DIVIDEND,0.1325,,,,"{""amount"":0.1325,""date"":1096032600}"
IWM,1103812200,2004-12-23T14:30:00+00:00,2004-12-23,IN_SCOPE,DIVIDEND,0.2055,,,,"{""amount"":0.2055,""date"":1103812200}"
IWM,1111674600,2005-03-24T14:30:00+00:00,2005-03-24,IN_SCOPE,DIVIDEND,0.274,,,,"{""amount"":0.274,""date"":1111674600}"
IWM,1118323800,2005-06-09T13:30:00+00:00,2005-06-09,IN_SCOPE,STOCK_SPLIT,,2.0,1.0,2:1,"{""date"":1118323800,""numerator"":2.0,""denominator"":1.0,""splitRatio"":""2:1""}"
IWM,1119274200,2005-06-20T13:30:00+00:00,2005-06-20,IN_SCOPE,DIVIDEND,0.146,,,,"{""amount"":0.146,""date"":1119274200}"
IWM,1127482200,2005-09-23T13:30:00+00:00,2005-09-23,IN_SCOPE,DIVIDEND,0.198,,,,"{""amount"":0.198,""date"":1127482200}"
IWM,1135261800,2005-12-22T14:30:00+00:00,2005-12-22,IN_SCOPE,DIVIDEND,0.261,,,,"{""amount"":0.261,""date"":1135261800}"
IWM,1143210600,2006-03-24T14:30:00+00:00,2006-03-24,IN_SCOPE,DIVIDEND,0.169,,,,"{""amount"":0.169,""date"":1143210600}"
IWM,1150983000,2006-06-22T13:30:00+00:00,2006-06-22,IN_SCOPE,DIVIDEND,0.105,,,,"{""amount"":0.105,""date"":1150983000}"
IWM,1159277400,2006-09-26T13:30:00+00:00,2006-09-26,IN_SCOPE,DIVIDEND,0.231,,,,"{""amount"":0.231,""date"":1159277400}"
IWM,1166625000,2006-12-20T14:30:00+00:00,2006-12-20,IN_SCOPE,DIVIDEND,0.329,,,,"{""amount"":0.329,""date"":1166625000}"
IWM,1174656600,2007-03-23T13:30:00+00:00,2007-03-23,IN_SCOPE,DIVIDEND,0.154,,,,"{""amount"":0.154,""date"":1174656600}"
IWM,1183037400,2007-06-28T13:30:00+00:00,2007-06-28,IN_SCOPE,DIVIDEND,0.159,,,,"{""amount"":0.159,""date"":1183037400}"
IWM,1190727000,2007-09-25T13:30:00+00:00,2007-09-25,IN_SCOPE,DIVIDEND,0.195,,,,"{""amount"":0.195,""date"":1190727000}"
IWM,1198765800,2007-12-27T14:30:00+00:00,2007-12-27,IN_SCOPE,DIVIDEND,0.267,,,,"{""amount"":0.267,""date"":1198765800}"
IWM,1206365400,2008-03-24T13:30:00+00:00,2008-03-24,IN_SCOPE,DIVIDEND,0.11,,,,"{""amount"":0.11,""date"":1206365400}"
IWM,1215005400,2008-07-02T13:30:00+00:00,2008-07-02,IN_SCOPE,DIVIDEND,0.257,,,,"{""amount"":0.257,""date"":1215005400}"
IWM,1222263000,2008-09-24T13:30:00+00:00,2008-09-24,IN_SCOPE,DIVIDEND,0.15,,,,"{""amount"":0.15,""date"":1222263000}"
IWM,1230042600,2008-12-23T14:30:00+00:00,2008-12-23,IN_SCOPE,DIVIDEND,0.361,,,,"{""amount"":0.361,""date"":1230042600}"
IWM,1237901400,2009-03-24T13:30:00+00:00,2009-03-24,IN_SCOPE,DIVIDEND,0.141,,,,"{""amount"":0.141,""date"":1237901400}"
IWM,1246541400,2009-07-02T13:30:00+00:00,2009-07-02,IN_SCOPE,DIVIDEND,0.181,,,,"{""amount"":0.181,""date"":1246541400}"
IWM,1253626200,2009-09-22T13:30:00+00:00,2009-09-22,IN_SCOPE,DIVIDEND,0.145,,,,"{""amount"":0.145,""date"":1253626200}"
IWM,1261578600,2009-12-23T14:30:00+00:00,2009-12-23,IN_SCOPE,DIVIDEND,0.253,,,,"{""amount"":0.253,""date"":1261578600}"
IWM,1269437400,2010-03-24T13:30:00+00:00,2010-03-24,IN_SCOPE,DIVIDEND,0.172,,,,"{""amount"":0.172,""date"":1269437400}"
IWM,1278077400,2010-07-02T13:30:00+00:00,2010-07-02,IN_SCOPE,DIVIDEND,0.199,,,,"{""amount"":0.199,""date"":1278077400}"
IWM,1285248600,2010-09-23T13:30:00+00:00,2010-09-23,IN_SCOPE,DIVIDEND,0.165,,,,"{""amount"":0.165,""date"":1285248600}"
IWM,1293028200,2010-12-22T14:30:00+00:00,2010-12-22,IN_SCOPE,DIVIDEND,0.357,,,,"{""amount"":0.357,""date"":1293028200}"
IWM,1300973400,2011-03-24T13:30:00+00:00,2011-03-24,IN_SCOPE,DIVIDEND,0.169,,,,"{""amount"":0.169,""date"":1300973400}"
IWM,1309872600,2011-07-05T13:30:00+00:00,2011-07-05,IN_SCOPE,DIVIDEND,0.252,,,,"{""amount"":0.252,""date"":1309872600}"
IWM,1316784600,2011-09-23T13:30:00+00:00,2011-09-23,IN_SCOPE,DIVIDEND,0.25,,,,"{""amount"":0.25,""date"":1316784600}"
IWM,1324564200,2011-12-22T14:30:00+00:00,2011-12-22,IN_SCOPE,DIVIDEND,0.36,,,,"{""amount"":0.36,""date"":1324564200}"
IWM,1332509400,2012-03-23T13:30:00+00:00,2012-03-23,IN_SCOPE,DIVIDEND,0.251,,,,"{""amount"":0.251,""date"":1332509400}"
IWM,1340717400,2012-06-26T13:30:00+00:00,2012-06-26,IN_SCOPE,DIVIDEND,0.377,,,,"{""amount"":0.377,""date"":1340717400}"
IWM,1348493400,2012-09-24T13:30:00+00:00,2012-09-24,IN_SCOPE,DIVIDEND,0.332,,,,"{""amount"":0.332,""date"":1348493400}"
IWM,1355927400,2012-12-19T14:30:00+00:00,2012-12-19,IN_SCOPE,DIVIDEND,0.727,,,,"{""amount"":0.727,""date"":1355927400}"
IWM,1364218200,2013-03-25T13:30:00+00:00,2013-03-25,IN_SCOPE,DIVIDEND,0.264,,,,"{""amount"":0.264,""date"":1364218200}"
IWM,1372771800,2013-07-02T13:30:00+00:00,2013-07-02,IN_SCOPE,DIVIDEND,0.43,,,,"{""amount"":0.43,""date"":1372771800}"
IWM,1380029400,2013-09-24T13:30:00+00:00,2013-09-24,IN_SCOPE,DIVIDEND,0.283,,,,"{""amount"":0.283,""date"":1380029400}"
IWM,1387809000,2013-12-23T14:30:00+00:00,2013-12-23,IN_SCOPE,DIVIDEND,0.437,,,,"{""amount"":0.437,""date"":1387809000}"
IWM,1395754200,2014-03-25T13:30:00+00:00,2014-03-25,IN_SCOPE,DIVIDEND,0.302,,,,"{""amount"":0.302,""date"":1395754200}"
IWM,1404307800,2014-07-02T13:30:00+00:00,2014-07-02,IN_SCOPE,DIVIDEND,0.459,,,,"{""amount"":0.459,""date"":1404307800}"
IWM,1411565400,2014-09-24T13:30:00+00:00,2014-09-24,IN_SCOPE,DIVIDEND,0.305,,,,"{""amount"":0.305,""date"":1411565400}"
IWM,1419431400,2014-12-24T14:30:00+00:00,2014-12-24,IN_SCOPE,DIVIDEND,0.445,,,,"{""amount"":0.445,""date"":1419431400}"
IWM,1427290200,2015-03-25T13:30:00+00:00,2015-03-25,IN_SCOPE,DIVIDEND,0.383,,,,"{""amount"":0.383,""date"":1427290200}"
IWM,1435843800,2015-07-02T13:30:00+00:00,2015-07-02,IN_SCOPE,DIVIDEND,0.529,,,,"{""amount"":0.529,""date"":1435843800}"
IWM,1443187800,2015-09-25T13:30:00+00:00,2015-09-25,IN_SCOPE,DIVIDEND,0.324,,,,"{""amount"":0.324,""date"":1443187800}"
IWM,1450967400,2015-12-24T14:30:00+00:00,2015-12-24,IN_SCOPE,DIVIDEND,0.496,,,,"{""amount"":0.496,""date"":1450967400}"
IWM,1458739800,2016-03-23T13:30:00+00:00,2016-03-23,IN_SCOPE,DIVIDEND,0.327,,,,"{""amount"":0.327,""date"":1458739800}"
IWM,1467811800,2016-07-06T13:30:00+00:00,2016-07-06,IN_SCOPE,DIVIDEND,0.621,,,,"{""amount"":0.621,""date"":1467811800}"
IWM,1474896600,2016-09-26T13:30:00+00:00,2016-09-26,IN_SCOPE,DIVIDEND,0.344,,,,"{""amount"":0.344,""date"":1474896600}"
IWM,1482417000,2016-12-22T14:30:00+00:00,2016-12-22,IN_SCOPE,DIVIDEND,0.563,,,,"{""amount"":0.563,""date"":1482417000}"
DIA,1042813800,2003-01-17T14:30:00+00:00,2003-01-17,IN_SCOPE,DIVIDEND,0.059,,,,"{""amount"":0.059,""date"":1042813800}"
DIA,1045837800,2003-02-21T14:30:00+00:00,2003-02-21,IN_SCOPE,DIVIDEND,0.249,,,,"{""amount"":0.249,""date"":1045837800}"
DIA,1048257000,2003-03-21T14:30:00+00:00,2003-03-21,IN_SCOPE,DIVIDEND,0.104,,,,"{""amount"":0.104,""date"":1048257000}"
DIA,1050586200,2003-04-17T13:30:00+00:00,2003-04-17,IN_SCOPE,DIVIDEND,0.108,,,,"{""amount"":0.108,""date"":1050586200}"
DIA,1053091800,2003-05-16T13:30:00+00:00,2003-05-16,IN_SCOPE,DIVIDEND,0.133,,,,"{""amount"":0.133,""date"":1053091800}"
DIA,1056115800,2003-06-20T13:30:00+00:00,2003-06-20,IN_SCOPE,DIVIDEND,0.243,,,,"{""amount"":0.243,""date"":1056115800}"
DIA,1058535000,2003-07-18T13:30:00+00:00,2003-07-18,IN_SCOPE,DIVIDEND,0.128,,,,"{""amount"":0.128,""date"":1058535000}"
DIA,1060954200,2003-08-15T13:30:00+00:00,2003-08-15,IN_SCOPE,DIVIDEND,0.124,,,,"{""amount"":0.124,""date"":1060954200}"
DIA,1063978200,2003-09-19T13:30:00+00:00,2003-09-19,IN_SCOPE,DIVIDEND,0.196,,,,"{""amount"":0.196,""date"":1063978200}"
DIA,1066397400,2003-10-17T13:30:00+00:00,2003-10-17,IN_SCOPE,DIVIDEND,0.124,,,,"{""amount"":0.124,""date"":1066397400}"
DIA,1069425000,2003-11-21T14:30:00+00:00,2003-11-21,IN_SCOPE,DIVIDEND,0.31,,,,"{""amount"":0.31,""date"":1069425000}"
DIA,1071844200,2003-12-19T14:30:00+00:00,2003-12-19,IN_SCOPE,DIVIDEND,0.147,,,,"{""amount"":0.147,""date"":1071844200}"
DIA,1074263400,2004-01-16T14:30:00+00:00,2004-01-16,IN_SCOPE,DIVIDEND,0.069,,,,"{""amount"":0.069,""date"":1074263400}"
DIA,1077287400,2004-02-20T14:30:00+00:00,2004-02-20,IN_SCOPE,DIVIDEND,0.268,,,,"{""amount"":0.268,""date"":1077287400}"
DIA,1079706600,2004-03-19T14:30:00+00:00,2004-03-19,IN_SCOPE,DIVIDEND,0.118,,,,"{""amount"":0.118,""date"":1079706600}"
DIA,1082122200,2004-04-16T13:30:00+00:00,2004-04-16,IN_SCOPE,DIVIDEND,0.059,,,,"{""amount"":0.059,""date"":1082122200}"
DIA,1085146200,2004-05-21T13:30:00+00:00,2004-05-21,IN_SCOPE,DIVIDEND,0.298,,,,"{""amount"":0.298,""date"":1085146200}"
DIA,1087565400,2004-06-18T13:30:00+00:00,2004-06-18,IN_SCOPE,DIVIDEND,0.095,,,,"{""amount"":0.095,""date"":1087565400}"
DIA,1089984600,2004-07-16T13:30:00+00:00,2004-07-16,IN_SCOPE,DIVIDEND,0.085,,,,"{""amount"":0.085,""date"":1089984600}"
DIA,1093008600,2004-08-20T13:30:00+00:00,2004-08-20,IN_SCOPE,DIVIDEND,0.295,,,,"{""amount"":0.295,""date"":1093008600}"
DIA,1095427800,2004-09-17T13:30:00+00:00,2004-09-17,IN_SCOPE,DIVIDEND,0.11,,,,"{""amount"":0.11,""date"":1095427800}"
DIA,1098106200,2004-10-18T13:30:00+00:00,2004-10-18,IN_SCOPE,DIVIDEND,0.086,,,,"{""amount"":0.086,""date"":1098106200}"
DIA,1100529000,2004-11-15T14:30:00+00:00,2004-11-15,IN_SCOPE,DIVIDEND,0.221,,,,"{""amount"":0.221,""date"":1100529000}"
DIA,1100874600,2004-11-19T14:30:00+00:00,2004-11-19,IN_SCOPE,DIVIDEND,0.336,,,,"{""amount"":0.336,""date"":1100874600}"
DIA,1103293800,2004-12-17T14:30:00+00:00,2004-12-17,IN_SCOPE,DIVIDEND,0.165,,,,"{""amount"":0.165,""date"":1103293800}"
DIA,1106317800,2005-01-21T14:30:00+00:00,2005-01-21,IN_SCOPE,DIVIDEND,0.098,,,,"{""amount"":0.098,""date"":1106317800}"
DIA,1108737000,2005-02-18T14:30:00+00:00,2005-02-18,IN_SCOPE,DIVIDEND,0.238,,,,"{""amount"":0.238,""date"":1108737000}"
DIA,1111156200,2005-03-18T14:30:00+00:00,2005-03-18,IN_SCOPE,DIVIDEND,0.168,,,,"{""amount"":0.168,""date"":1111156200}"
DIA,1113571800,2005-04-15T13:30:00+00:00,2005-04-15,IN_SCOPE,DIVIDEND,0.074,,,,"{""amount"":0.074,""date"":1113571800}"
DIA,1116595800,2005-05-20T13:30:00+00:00,2005-05-20,IN_SCOPE,DIVIDEND,0.335,,,,"{""amount"":0.335,""date"":1116595800}"
DIA,1119015000,2005-06-17T13:30:00+00:00,2005-06-17,IN_SCOPE,DIVIDEND,0.114,,,,"{""amount"":0.114,""date"":1119015000}"
DIA,1121434200,2005-07-15T13:30:00+00:00,2005-07-15,IN_SCOPE,DIVIDEND,0.094,,,,"{""amount"":0.094,""date"":1121434200}"
DIA,1124458200,2005-08-19T13:30:00+00:00,2005-08-19,IN_SCOPE,DIVIDEND,0.309,,,,"{""amount"":0.309,""date"":1124458200}"
DIA,1126877400,2005-09-16T13:30:00+00:00,2005-09-16,IN_SCOPE,DIVIDEND,0.155,,,,"{""amount"":0.155,""date"":1126877400}"
DIA,1129901400,2005-10-21T13:30:00+00:00,2005-10-21,IN_SCOPE,DIVIDEND,0.138,,,,"{""amount"":0.138,""date"":1129901400}"
DIA,1132324200,2005-11-18T14:30:00+00:00,2005-11-18,IN_SCOPE,DIVIDEND,0.278,,,,"{""amount"":0.278,""date"":1132324200}"
DIA,1134743400,2005-12-16T14:30:00+00:00,2005-12-16,IN_SCOPE,DIVIDEND,0.244,,,,"{""amount"":0.244,""date"":1134743400}"
DIA,1137767400,2006-01-20T14:30:00+00:00,2006-01-20,IN_SCOPE,DIVIDEND,0.12,,,,"{""amount"":0.12,""date"":1137767400}"
DIA,1140186600,2006-02-17T14:30:00+00:00,2006-02-17,IN_SCOPE,DIVIDEND,0.204,,,,"{""amount"":0.204,""date"":1140186600}"
DIA,1142605800,2006-03-17T14:30:00+00:00,2006-03-17,IN_SCOPE,DIVIDEND,0.249,,,,"{""amount"":0.249,""date"":1142605800}"
DIA,1145626200,2006-04-21T13:30:00+00:00,2006-04-21,IN_SCOPE,DIVIDEND,0.121,,,,"{""amount"":0.121,""date"":1145626200}"
DIA,1148045400,2006-05-19T13:30:00+00:00,2006-05-19,IN_SCOPE,DIVIDEND,0.279,,,,"{""amount"":0.279,""date"":1148045400}"
DIA,1150464600,2006-06-16T13:30:00+00:00,2006-06-16,IN_SCOPE,DIVIDEND,0.164,,,,"{""amount"":0.164,""date"":1150464600}"
DIA,1153488600,2006-07-21T13:30:00+00:00,2006-07-21,IN_SCOPE,DIVIDEND,0.149,,,,"{""amount"":0.149,""date"":1153488600}"
DIA,1155907800,2006-08-18T13:30:00+00:00,2006-08-18,IN_SCOPE,DIVIDEND,0.246,,,,"{""amount"":0.246,""date"":1155907800}"
DIA,1158327000,2006-09-15T13:30:00+00:00,2006-09-15,IN_SCOPE,DIVIDEND,0.207,,,,"{""amount"":0.207,""date"":1158327000}"
DIA,1161351000,2006-10-20T13:30:00+00:00,2006-10-20,IN_SCOPE,DIVIDEND,0.147,,,,"{""amount"":0.147,""date"":1161351000}"
DIA,1163773800,2006-11-17T14:30:00+00:00,2006-11-17,IN_SCOPE,DIVIDEND,0.319,,,,"{""amount"":0.319,""date"":1163773800}"
DIA,1166193000,2006-12-15T14:30:00+00:00,2006-12-15,IN_SCOPE,DIVIDEND,0.33,,,,"{""amount"":0.33,""date"":1166193000}"
DIA,1169217000,2007-01-19T14:30:00+00:00,2007-01-19,IN_SCOPE,DIVIDEND,0.08,,,,"{""amount"":0.08,""date"":1169217000}"
DIA,1171636200,2007-02-16T14:30:00+00:00,2007-02-16,IN_SCOPE,DIVIDEND,0.23,,,,"{""amount"":0.23,""date"":1171636200}"
DIA,1174051800,2007-03-16T13:30:00+00:00,2007-03-16,IN_SCOPE,DIVIDEND,0.277,,,,"{""amount"":0.277,""date"":1174051800}"
DIA,1177075800,2007-04-20T13:30:00+00:00,2007-04-20,IN_SCOPE,DIVIDEND,0.106,,,,"{""amount"":0.106,""date"":1177075800}"
DIA,1179495000,2007-05-18T13:30:00+00:00,2007-05-18,IN_SCOPE,DIVIDEND,0.354,,,,"{""amount"":0.354,""date"":1179495000}"
DIA,1181914200,2007-06-15T13:30:00+00:00,2007-06-15,IN_SCOPE,DIVIDEND,0.169,,,,"{""amount"":0.169,""date"":1181914200}"
DIA,1184938200,2007-07-20T13:30:00+00:00,2007-07-20,IN_SCOPE,DIVIDEND,0.164,,,,"{""amount"":0.164,""date"":1184938200}"
DIA,1187357400,2007-08-17T13:30:00+00:00,2007-08-17,IN_SCOPE,DIVIDEND,0.285,,,,"{""amount"":0.285,""date"":1187357400}"
DIA,1190381400,2007-09-21T13:30:00+00:00,2007-09-21,IN_SCOPE,DIVIDEND,0.237,,,,"{""amount"":0.237,""date"":1190381400}"
DIA,1192800600,2007-10-19T13:30:00+00:00,2007-10-19,IN_SCOPE,DIVIDEND,0.153,,,,"{""amount"":0.153,""date"":1192800600}"
DIA,1195223400,2007-11-16T14:30:00+00:00,2007-11-16,IN_SCOPE,DIVIDEND,0.378,,,,"{""amount"":0.378,""date"":1195223400}"
DIA,1198247400,2007-12-21T14:30:00+00:00,2007-12-21,IN_SCOPE,DIVIDEND,0.321,,,,"{""amount"":0.321,""date"":1198247400}"
DIA,1200666600,2008-01-18T14:30:00+00:00,2008-01-18,IN_SCOPE,DIVIDEND,0.14,,,,"{""amount"":0.14,""date"":1200666600}"
DIA,1203085800,2008-02-15T14:30:00+00:00,2008-02-15,IN_SCOPE,DIVIDEND,0.235,,,,"{""amount"":0.235,""date"":1203085800}"
DIA,1206019800,2008-03-20T13:30:00+00:00,2008-03-20,IN_SCOPE,DIVIDEND,0.296,,,,"{""amount"":0.296,""date"":1206019800}"
DIA,1208525400,2008-04-18T13:30:00+00:00,2008-04-18,IN_SCOPE,DIVIDEND,0.156,,,,"{""amount"":0.156,""date"":1208525400}"
DIA,1210944600,2008-05-16T13:30:00+00:00,2008-05-16,IN_SCOPE,DIVIDEND,0.328,,,,"{""amount"":0.328,""date"":1210944600}"
DIA,1213968600,2008-06-20T13:30:00+00:00,2008-06-20,IN_SCOPE,DIVIDEND,0.269,,,,"{""amount"":0.269,""date"":1213968600}"
DIA,1216387800,2008-07-18T13:30:00+00:00,2008-07-18,IN_SCOPE,DIVIDEND,0.165,,,,"{""amount"":0.165,""date"":1216387800}"
DIA,1218807000,2008-08-15T13:30:00+00:00,2008-08-15,IN_SCOPE,DIVIDEND,0.247,,,,"{""amount"":0.247,""date"":1218807000}"
DIA,1221831000,2008-09-19T13:30:00+00:00,2008-09-19,IN_SCOPE,DIVIDEND,0.334,,,,"{""amount"":0.334,""date"":1221831000}"
DIA,1224250200,2008-10-17T13:30:00+00:00,2008-10-17,IN_SCOPE,DIVIDEND,0.156,,,,"{""amount"":0.156,""date"":1224250200}"
DIA,1227277800,2008-11-21T14:30:00+00:00,2008-11-21,IN_SCOPE,DIVIDEND,0.343,,,,"{""amount"":0.343,""date"":1227277800}"
DIA,1229697000,2008-12-19T14:30:00+00:00,2008-12-19,IN_SCOPE,DIVIDEND,0.266,,,,"{""amount"":0.266,""date"":1229697000}"
DIA,1232116200,2009-01-16T14:30:00+00:00,2009-01-16,IN_SCOPE,DIVIDEND,0.141,,,,"{""amount"":0.141,""date"":1232116200}"
DIA,1235140200,2009-02-20T14:30:00+00:00,2009-02-20,IN_SCOPE,DIVIDEND,0.365,,,,"{""amount"":0.365,""date"":1235140200}"
DIA,1237555800,2009-03-20T13:30:00+00:00,2009-03-20,IN_SCOPE,DIVIDEND,0.177,,,,"{""amount"":0.177,""date"":1237555800}"
DIA,1239975000,2009-04-17T13:30:00+00:00,2009-04-17,IN_SCOPE,DIVIDEND,0.134,,,,"{""amount"":0.134,""date"":1239975000}"
DIA,1242394200,2009-05-15T13:30:00+00:00,2009-05-15,IN_SCOPE,DIVIDEND,0.246,,,,"{""amount"":0.246,""date"":1242394200}"
DIA,1245418200,2009-06-19T13:30:00+00:00,2009-06-19,IN_SCOPE,DIVIDEND,0.283,,,,"{""amount"":0.283,""date"":1245418200}"
DIA,1247837400,2009-07-17T13:30:00+00:00,2009-07-17,IN_SCOPE,DIVIDEND,0.126,,,,"{""amount"":0.126,""date"":1247837400}"
DIA,1250861400,2009-08-21T13:30:00+00:00,2009-08-21,IN_SCOPE,DIVIDEND,0.329,,,,"{""amount"":0.329,""date"":1250861400}"
DIA,1253280600,2009-09-18T13:30:00+00:00,2009-09-18,IN_SCOPE,DIVIDEND,0.175,,,,"{""amount"":0.175,""date"":1253280600}"
DIA,1255699800,2009-10-16T13:30:00+00:00,2009-10-16,IN_SCOPE,DIVIDEND,0.094,,,,"{""amount"":0.094,""date"":1255699800}"
DIA,1258727400,2009-11-20T14:30:00+00:00,2009-11-20,IN_SCOPE,DIVIDEND,0.338,,,,"{""amount"":0.338,""date"":1258727400}"
DIA,1261146600,2009-12-18T14:30:00+00:00,2009-12-18,IN_SCOPE,DIVIDEND,0.4,,,,"{""amount"":0.4,""date"":1261146600}"
DIA,1266589800,2010-02-19T14:30:00+00:00,2010-02-19,IN_SCOPE,DIVIDEND,0.265,,,,"{""amount"":0.265,""date"":1266589800}"
DIA,1269005400,2010-03-19T13:30:00+00:00,2010-03-19,IN_SCOPE,DIVIDEND,0.207,,,,"{""amount"":0.207,""date"":1269005400}"
DIA,1271424600,2010-04-16T13:30:00+00:00,2010-04-16,IN_SCOPE,DIVIDEND,0.091,,,,"{""amount"":0.091,""date"":1271424600}"
DIA,1274448600,2010-05-21T13:30:00+00:00,2010-05-21,IN_SCOPE,DIVIDEND,0.381,,,,"{""amount"":0.381,""date"":1274448600}"
DIA,1276867800,2010-06-18T13:30:00+00:00,2010-06-18,IN_SCOPE,DIVIDEND,0.19,,,,"{""amount"":0.19,""date"":1276867800}"
DIA,1279287000,2010-07-16T13:30:00+00:00,2010-07-16,IN_SCOPE,DIVIDEND,0.093,,,,"{""amount"":0.093,""date"":1279287000}"
DIA,1282311000,2010-08-20T13:30:00+00:00,2010-08-20,IN_SCOPE,DIVIDEND,0.384,,,,"{""amount"":0.384,""date"":1282311000}"
DIA,1284730200,2010-09-17T13:30:00+00:00,2010-09-17,IN_SCOPE,DIVIDEND,0.191,,,,"{""amount"":0.191,""date"":1284730200}"
DIA,1287149400,2010-10-15T13:30:00+00:00,2010-10-15,IN_SCOPE,DIVIDEND,0.093,,,,"{""amount"":0.093,""date"":1287149400}"
DIA,1290177000,2010-11-19T14:30:00+00:00,2010-11-19,IN_SCOPE,DIVIDEND,0.361,,,,"{""amount"":0.361,""date"":1290177000}"
DIA,1292596200,2010-12-17T14:30:00+00:00,2010-12-17,IN_SCOPE,DIVIDEND,0.263,,,,"{""amount"":0.263,""date"":1292596200}"
DIA,1293633000,2010-12-29T14:30:00+00:00,2010-12-29,IN_SCOPE,DIVIDEND,0.248,,,,"{""amount"":0.248,""date"":1293633000}"
DIA,1295620200,2011-01-21T14:30:00+00:00,2011-01-21,IN_SCOPE,DIVIDEND,0.144,,,,"{""amount"":0.144,""date"":1295620200}"
DIA,1298039400,2011-02-18T14:30:00+00:00,2011-02-18,IN_SCOPE,DIVIDEND,0.3,,,,"{""amount"":0.3,""date"":1298039400}"
DIA,1300455000,2011-03-18T13:30:00+00:00,2011-03-18,IN_SCOPE,DIVIDEND,0.226,,,,"{""amount"":0.226,""date"":1300455000}"
DIA,1302874200,2011-04-15T13:30:00+00:00,2011-04-15,IN_SCOPE,DIVIDEND,0.112,,,,"{""amount"":0.112,""date"":1302874200}"
DIA,1305898200,2011-05-20T13:30:00+00:00,2011-05-20,IN_SCOPE,DIVIDEND,0.415,,,,"{""amount"":0.415,""date"":1305898200}"
DIA,1308317400,2011-06-17T13:30:00+00:00,2011-06-17,IN_SCOPE,DIVIDEND,0.208,,,,"{""amount"":0.208,""date"":1308317400}"
DIA,1310736600,2011-07-15T13:30:00+00:00,2011-07-15,IN_SCOPE,DIVIDEND,0.112,,,,"{""amount"":0.112,""date"":1310736600}"
DIA,1313760600,2011-08-19T13:30:00+00:00,2011-08-19,IN_SCOPE,DIVIDEND,0.419,,,,"{""amount"":0.419,""date"":1313760600}"
DIA,1316179800,2011-09-16T13:30:00+00:00,2011-09-16,IN_SCOPE,DIVIDEND,0.21,,,,"{""amount"":0.21,""date"":1316179800}"
DIA,1319203800,2011-10-21T13:30:00+00:00,2011-10-21,IN_SCOPE,DIVIDEND,0.185,,,,"{""amount"":0.185,""date"":1319203800}"
DIA,1321626600,2011-11-18T14:30:00+00:00,2011-11-18,IN_SCOPE,DIVIDEND,0.285,,,,"{""amount"":0.285,""date"":1321626600}"
DIA,1324045800,2011-12-16T14:30:00+00:00,2011-12-16,IN_SCOPE,DIVIDEND,0.356,,,,"{""amount"":0.356,""date"":1324045800}"
DIA,1327069800,2012-01-20T14:30:00+00:00,2012-01-20,IN_SCOPE,DIVIDEND,0.167,,,,"{""amount"":0.167,""date"":1327069800}"
DIA,1329489000,2012-02-17T14:30:00+00:00,2012-02-17,IN_SCOPE,DIVIDEND,0.332,,,,"{""amount"":0.332,""date"":1329489000}"
DIA,1331904600,2012-03-16T13:30:00+00:00,2012-03-16,IN_SCOPE,DIVIDEND,0.255,,,,"{""amount"":0.255,""date"":1331904600}"
DIA,1334928600,2012-04-20T13:30:00+00:00,2012-04-20,IN_SCOPE,DIVIDEND,0.149,,,,"{""amount"":0.149,""date"":1334928600}"
DIA,1337347800,2012-05-18T13:30:00+00:00,2012-05-18,IN_SCOPE,DIVIDEND,0.426,,,,"{""amount"":0.426,""date"":1337347800}"
DIA,1339767000,2012-06-15T13:30:00+00:00,2012-06-15,IN_SCOPE,DIVIDEND,0.22,,,,"{""amount"":0.22,""date"":1339767000}"
DIA,1342791000,2012-07-20T13:30:00+00:00,2012-07-20,IN_SCOPE,DIVIDEND,0.21,,,,"{""amount"":0.21,""date"":1342791000}"
DIA,1345210200,2012-08-17T13:30:00+00:00,2012-08-17,IN_SCOPE,DIVIDEND,0.349,,,,"{""amount"":0.349,""date"":1345210200}"
DIA,1348234200,2012-09-21T13:30:00+00:00,2012-09-21,IN_SCOPE,DIVIDEND,0.281,,,,"{""amount"":0.281,""date"":1348234200}"
DIA,1350653400,2012-10-19T13:30:00+00:00,2012-10-19,IN_SCOPE,DIVIDEND,0.187,,,,"{""amount"":0.187,""date"":1350653400}"
DIA,1353076200,2012-11-16T14:30:00+00:00,2012-11-16,IN_SCOPE,DIVIDEND,0.323,,,,"{""amount"":0.323,""date"":1353076200}"
DIA,1356100200,2012-12-21T14:30:00+00:00,2012-12-21,IN_SCOPE,DIVIDEND,0.413,,,,"{""amount"":0.413,""date"":1356100200}"
DIA,1358519400,2013-01-18T14:30:00+00:00,2013-01-18,IN_SCOPE,DIVIDEND,0.145,,,,"{""amount"":0.145,""date"":1358519400}"
DIA,1360938600,2013-02-15T14:30:00+00:00,2013-02-15,IN_SCOPE,DIVIDEND,0.357,,,,"{""amount"":0.357,""date"":1360938600}"
DIA,1363354200,2013-03-15T13:30:00+00:00,2013-03-15,IN_SCOPE,DIVIDEND,0.302,,,,"{""amount"":0.302,""date"":1363354200}"
DIA,1366378200,2013-04-19T13:30:00+00:00,2013-04-19,IN_SCOPE,DIVIDEND,0.141,,,,"{""amount"":0.141,""date"":1366378200}"
DIA,1368797400,2013-05-17T13:30:00+00:00,2013-05-17,IN_SCOPE,DIVIDEND,0.429,,,,"{""amount"":0.429,""date"":1368797400}"
DIA,1371821400,2013-06-21T13:30:00+00:00,2013-06-21,IN_SCOPE,DIVIDEND,0.304,,,,"{""amount"":0.304,""date"":1371821400}"
DIA,1374240600,2013-07-19T13:30:00+00:00,2013-07-19,IN_SCOPE,DIVIDEND,0.206,,,,"{""amount"":0.206,""date"":1374240600}"
DIA,1376659800,2013-08-16T13:30:00+00:00,2013-08-16,IN_SCOPE,DIVIDEND,0.383,,,,"{""amount"":0.383,""date"":1376659800}"
DIA,1379683800,2013-09-20T13:30:00+00:00,2013-09-20,IN_SCOPE,DIVIDEND,0.304,,,,"{""amount"":0.304,""date"":1379683800}"
DIA,1382103000,2013-10-18T13:30:00+00:00,2013-10-18,IN_SCOPE,DIVIDEND,0.17,,,,"{""amount"":0.17,""date"":1382103000}"
DIA,1384525800,2013-11-15T14:30:00+00:00,2013-11-15,IN_SCOPE,DIVIDEND,0.298,,,,"{""amount"":0.298,""date"":1384525800}"
DIA,1387549800,2013-12-20T14:30:00+00:00,2013-12-20,IN_SCOPE,DIVIDEND,0.395,,,,"{""amount"":0.395,""date"":1387549800}"
DIA,1389969000,2014-01-17T14:30:00+00:00,2014-01-17,IN_SCOPE,DIVIDEND,0.133,,,,"{""amount"":0.133,""date"":1389969000}"
DIA,1392993000,2014-02-21T14:30:00+00:00,2014-02-21,IN_SCOPE,DIVIDEND,0.435,,,,"{""amount"":0.435,""date"":1392993000}"
DIA,1395408600,2014-03-21T13:30:00+00:00,2014-03-21,IN_SCOPE,DIVIDEND,0.282,,,,"{""amount"":0.282,""date"":1395408600}"
DIA,1397741400,2014-04-17T13:30:00+00:00,2014-04-17,IN_SCOPE,DIVIDEND,0.132,,,,"{""amount"":0.132,""date"":1397741400}"
DIA,1400247000,2014-05-16T13:30:00+00:00,2014-05-16,IN_SCOPE,DIVIDEND,0.421,,,,"{""amount"":0.421,""date"":1400247000}"
DIA,1403271000,2014-06-20T13:30:00+00:00,2014-06-20,IN_SCOPE,DIVIDEND,0.326,,,,"{""amount"":0.326,""date"":1403271000}"
DIA,1405690200,2014-07-18T13:30:00+00:00,2014-07-18,IN_SCOPE,DIVIDEND,0.182,,,,"{""amount"":0.182,""date"":1405690200}"
DIA,1408109400,2014-08-15T13:30:00+00:00,2014-08-15,IN_SCOPE,DIVIDEND,0.296,,,,"{""amount"":0.296,""date"":1408109400}"
DIA,1411133400,2014-09-19T13:30:00+00:00,2014-09-19,IN_SCOPE,DIVIDEND,0.413,,,,"{""amount"":0.413,""date"":1411133400}"
DIA,1416580200,2014-11-21T14:30:00+00:00,2014-11-21,IN_SCOPE,DIVIDEND,0.448,,,,"{""amount"":0.448,""date"":1416580200}"
DIA,1418999400,2014-12-19T14:30:00+00:00,2014-12-19,IN_SCOPE,DIVIDEND,0.383,,,,"{""amount"":0.383,""date"":1418999400}"
DIA,1421418600,2015-01-16T14:30:00+00:00,2015-01-16,IN_SCOPE,DIVIDEND,0.148,,,,"{""amount"":0.148,""date"":1421418600}"
DIA,1424442600,2015-02-20T14:30:00+00:00,2015-02-20,IN_SCOPE,DIVIDEND,0.49,,,,"{""amount"":0.49,""date"":1424442600}"
DIA,1426858200,2015-03-20T13:30:00+00:00,2015-03-20,IN_SCOPE,DIVIDEND,0.311,,,,"{""amount"":0.311,""date"":1426858200}"
DIA,1429277400,2015-04-17T13:30:00+00:00,2015-04-17,IN_SCOPE,DIVIDEND,0.118,,,,"{""amount"":0.118,""date"":1429277400}"
DIA,1431696600,2015-05-15T13:30:00+00:00,2015-05-15,IN_SCOPE,DIVIDEND,0.403,,,,"{""amount"":0.403,""date"":1431696600}"
DIA,1434720600,2015-06-19T13:30:00+00:00,2015-06-19,IN_SCOPE,DIVIDEND,0.48,,,,"{""amount"":0.48,""date"":1434720600}"
DIA,1437139800,2015-07-17T13:30:00+00:00,2015-07-17,IN_SCOPE,DIVIDEND,0.172,,,,"{""amount"":0.172,""date"":1437139800}"
DIA,1440163800,2015-08-21T13:30:00+00:00,2015-08-21,IN_SCOPE,DIVIDEND,0.55,,,,"{""amount"":0.55,""date"":1440163800}"
DIA,1442583000,2015-09-18T13:30:00+00:00,2015-09-18,IN_SCOPE,DIVIDEND,0.328,,,,"{""amount"":0.328,""date"":1442583000}"
DIA,1445002200,2015-10-16T13:30:00+00:00,2015-10-16,IN_SCOPE,DIVIDEND,0.08,,,,"{""amount"":0.08,""date"":1445002200}"
DIA,1448029800,2015-11-20T14:30:00+00:00,2015-11-20,IN_SCOPE,DIVIDEND,0.573,,,,"{""amount"":0.573,""date"":1448029800}"
DIA,1450449000,2015-12-18T14:30:00+00:00,2015-12-18,IN_SCOPE,DIVIDEND,0.408,,,,"{""amount"":0.408,""date"":1450449000}"
DIA,1452868200,2016-01-15T14:30:00+00:00,2016-01-15,IN_SCOPE,DIVIDEND,0.086,,,,"{""amount"":0.086,""date"":1452868200}"
DIA,1455892200,2016-02-19T14:30:00+00:00,2016-02-19,IN_SCOPE,DIVIDEND,0.613,,,,"{""amount"":0.613,""date"":1455892200}"
DIA,1458307800,2016-03-18T13:30:00+00:00,2016-03-18,IN_SCOPE,DIVIDEND,0.375,,,,"{""amount"":0.375,""date"":1458307800}"
DIA,1460727000,2016-04-15T13:30:00+00:00,2016-04-15,IN_SCOPE,DIVIDEND,0.13,,,,"{""amount"":0.13,""date"":1460727000}"
DIA,1463751000,2016-05-20T13:30:00+00:00,2016-05-20,IN_SCOPE,DIVIDEND,0.612,,,,"{""amount"":0.612,""date"":1463751000}"
DIA,1466170200,2016-06-17T13:30:00+00:00,2016-06-17,IN_SCOPE,DIVIDEND,0.355,,,,"{""amount"":0.355,""date"":1466170200}"
DIA,1468589400,2016-07-15T13:30:00+00:00,2016-07-15,IN_SCOPE,DIVIDEND,0.135,,,,"{""amount"":0.135,""date"":1468589400}"
DIA,1471613400,2016-08-19T13:30:00+00:00,2016-08-19,IN_SCOPE,DIVIDEND,0.656,,,,"{""amount"":0.656,""date"":1471613400}"
DIA,1474032600,2016-09-16T13:30:00+00:00,2016-09-16,IN_SCOPE,DIVIDEND,0.354,,,,"{""amount"":0.354,""date"":1474032600}"
DIA,1477056600,2016-10-21T13:30:00+00:00,2016-10-21,IN_SCOPE,DIVIDEND,0.18,,,,"{""amount"":0.18,""date"":1477056600}"
DIA,1479479400,2016-11-18T14:30:00+00:00,2016-11-18,IN_SCOPE,DIVIDEND,0.533,,,,"{""amount"":0.533,""date"":1479479400}"
DIA,1481898600,2016-12-16T14:30:00+00:00,2016-12-16,IN_SCOPE,DIVIDEND,0.432,,,,"{""amount"":0.432,""date"":1481898600}"
MDY,1048257000,2003-03-21T14:30:00+00:00,2003-03-21,IN_SCOPE,DIVIDEND,0.223,,,,"{""amount"":0.223,""date"":1048257000}"
MDY,1056115800,2003-06-20T13:30:00+00:00,2003-06-20,IN_SCOPE,DIVIDEND,0.198,,,,"{""amount"":0.198,""date"":1056115800}"
MDY,1063978200,2003-09-19T13:30:00+00:00,2003-09-19,IN_SCOPE,DIVIDEND,0.202,,,,"{""amount"":0.202,""date"":1063978200}"
MDY,1071844200,2003-12-19T14:30:00+00:00,2003-12-19,IN_SCOPE,DIVIDEND,0.236,,,,"{""amount"":0.236,""date"":1071844200}"
MDY,1079706600,2004-03-19T14:30:00+00:00,2004-03-19,IN_SCOPE,DIVIDEND,0.246,,,,"{""amount"":0.246,""date"":1079706600}"
MDY,1087565400,2004-06-18T13:30:00+00:00,2004-06-18,IN_SCOPE,DIVIDEND,0.269,,,,"{""amount"":0.269,""date"":1087565400}"
MDY,1095427800,2004-09-17T13:30:00+00:00,2004-09-17,IN_SCOPE,DIVIDEND,0.235,,,,"{""amount"":0.235,""date"":1095427800}"
MDY,1103293800,2004-12-17T14:30:00+00:00,2004-12-17,IN_SCOPE,DIVIDEND,0.306,,,,"{""amount"":0.306,""date"":1103293800}"
MDY,1111156200,2005-03-18T14:30:00+00:00,2005-03-18,IN_SCOPE,DIVIDEND,0.231,,,,"{""amount"":0.231,""date"":1111156200}"
MDY,1119015000,2005-06-17T13:30:00+00:00,2005-06-17,IN_SCOPE,DIVIDEND,0.487,,,,"{""amount"":0.487,""date"":1119015000}"
MDY,1126877400,2005-09-16T13:30:00+00:00,2005-09-16,IN_SCOPE,DIVIDEND,0.317,,,,"{""amount"":0.317,""date"":1126877400}"
MDY,1134743400,2005-12-16T14:30:00+00:00,2005-12-16,IN_SCOPE,DIVIDEND,0.364,,,,"{""amount"":0.364,""date"":1134743400}"
MDY,1142605800,2006-03-17T14:30:00+00:00,2006-03-17,IN_SCOPE,DIVIDEND,0.38,,,,"{""amount"":0.38,""date"":1142605800}"
MDY,1150464600,2006-06-16T13:30:00+00:00,2006-06-16,IN_SCOPE,DIVIDEND,0.405,,,,"{""amount"":0.405,""date"":1150464600}"
MDY,1158327000,2006-09-15T13:30:00+00:00,2006-09-15,IN_SCOPE,DIVIDEND,0.34,,,,"{""amount"":0.34,""date"":1158327000}"
MDY,1166193000,2006-12-15T14:30:00+00:00,2006-12-15,IN_SCOPE,DIVIDEND,0.599,,,,"{""amount"":0.599,""date"":1166193000}"
MDY,1174051800,2007-03-16T13:30:00+00:00,2007-03-16,IN_SCOPE,DIVIDEND,0.613,,,,"{""amount"":0.613,""date"":1174051800}"
MDY,1181914200,2007-06-15T13:30:00+00:00,2007-06-15,IN_SCOPE,DIVIDEND,0.424,,,,"{""amount"":0.424,""date"":1181914200}"
MDY,1190381400,2007-09-21T13:30:00+00:00,2007-09-21,IN_SCOPE,DIVIDEND,0.351,,,,"{""amount"":0.351,""date"":1190381400}"
MDY,1198247400,2007-12-21T14:30:00+00:00,2007-12-21,IN_SCOPE,DIVIDEND,0.447,,,,"{""amount"":0.447,""date"":1198247400}"
MDY,1206019800,2008-03-20T13:30:00+00:00,2008-03-20,IN_SCOPE,DIVIDEND,0.393,,,,"{""amount"":0.393,""date"":1206019800}"
MDY,1213968600,2008-06-20T13:30:00+00:00,2008-06-20,IN_SCOPE,DIVIDEND,0.435,,,,"{""amount"":0.435,""date"":1213968600}"
MDY,1221831000,2008-09-19T13:30:00+00:00,2008-09-19,IN_SCOPE,DIVIDEND,0.437,,,,"{""amount"":0.437,""date"":1221831000}"
MDY,1229697000,2008-12-19T14:30:00+00:00,2008-12-19,IN_SCOPE,DIVIDEND,0.555,,,,"{""amount"":0.555,""date"":1229697000}"
MDY,1237555800,2009-03-20T13:30:00+00:00,2009-03-20,IN_SCOPE,DIVIDEND,0.337,,,,"{""amount"":0.337,""date"":1237555800}"
MDY,1245418200,2009-06-19T13:30:00+00:00,2009-06-19,IN_SCOPE,DIVIDEND,0.394,,,,"{""amount"":0.394,""date"":1245418200}"
MDY,1253280600,2009-09-18T13:30:00+00:00,2009-09-18,IN_SCOPE,DIVIDEND,0.389,,,,"{""amount"":0.389,""date"":1253280600}"
MDY,1261146600,2009-12-18T14:30:00+00:00,2009-12-18,IN_SCOPE,DIVIDEND,0.488,,,,"{""amount"":0.488,""date"":1261146600}"
MDY,1269005400,2010-03-19T13:30:00+00:00,2010-03-19,IN_SCOPE,DIVIDEND,0.396,,,,"{""amount"":0.396,""date"":1269005400}"
MDY,1276867800,2010-06-18T13:30:00+00:00,2010-06-18,IN_SCOPE,DIVIDEND,0.369,,,,"{""amount"":0.369,""date"":1276867800}"
MDY,1284730200,2010-09-17T13:30:00+00:00,2010-09-17,IN_SCOPE,DIVIDEND,0.283,,,,"{""amount"":0.283,""date"":1284730200}"
MDY,1292596200,2010-12-17T14:30:00+00:00,2010-12-17,IN_SCOPE,DIVIDEND,0.456,,,,"{""amount"":0.456,""date"":1292596200}"
MDY,1300455000,2011-03-18T13:30:00+00:00,2011-03-18,IN_SCOPE,DIVIDEND,0.444,,,,"{""amount"":0.444,""date"":1300455000}"
MDY,1308317400,2011-06-17T13:30:00+00:00,2011-06-17,IN_SCOPE,DIVIDEND,0.469,,,,"{""amount"":0.469,""date"":1308317400}"
MDY,1316179800,2011-09-16T13:30:00+00:00,2011-09-16,IN_SCOPE,DIVIDEND,0.272,,,,"{""amount"":0.272,""date"":1316179800}"
MDY,1324045800,2011-12-16T14:30:00+00:00,2011-12-16,IN_SCOPE,DIVIDEND,0.529,,,,"{""amount"":0.529,""date"":1324045800}"
MDY,1331904600,2012-03-16T13:30:00+00:00,2012-03-16,IN_SCOPE,DIVIDEND,0.383,,,,"{""amount"":0.383,""date"":1331904600}"
MDY,1339767000,2012-06-15T13:30:00+00:00,2012-06-15,IN_SCOPE,DIVIDEND,0.51,,,,"{""amount"":0.51,""date"":1339767000}"
MDY,1348234200,2012-09-21T13:30:00+00:00,2012-09-21,IN_SCOPE,DIVIDEND,0.411,,,,"{""amount"":0.411,""date"":1348234200}"
MDY,1356100200,2012-12-21T14:30:00+00:00,2012-12-21,IN_SCOPE,DIVIDEND,0.816,,,,"{""amount"":0.816,""date"":1356100200}"
MDY,1363354200,2013-03-15T13:30:00+00:00,2013-03-15,IN_SCOPE,DIVIDEND,0.497,,,,"{""amount"":0.497,""date"":1363354200}"
MDY,1371821400,2013-06-21T13:30:00+00:00,2013-06-21,IN_SCOPE,DIVIDEND,0.736,,,,"{""amount"":0.736,""date"":1371821400}"
MDY,1379683800,2013-09-20T13:30:00+00:00,2013-09-20,IN_SCOPE,DIVIDEND,0.662,,,,"{""amount"":0.662,""date"":1379683800}"
MDY,1387549800,2013-12-20T14:30:00+00:00,2013-12-20,IN_SCOPE,DIVIDEND,0.71,,,,"{""amount"":0.71,""date"":1387549800}"
MDY,1395408600,2014-03-21T13:30:00+00:00,2014-03-21,IN_SCOPE,DIVIDEND,0.685,,,,"{""amount"":0.685,""date"":1395408600}"
MDY,1403271000,2014-06-20T13:30:00+00:00,2014-06-20,IN_SCOPE,DIVIDEND,0.779,,,,"{""amount"":0.779,""date"":1403271000}"
MDY,1411133400,2014-09-19T13:30:00+00:00,2014-09-19,IN_SCOPE,DIVIDEND,0.56,,,,"{""amount"":0.56,""date"":1411133400}"
MDY,1418999400,2014-12-19T14:30:00+00:00,2014-12-19,IN_SCOPE,DIVIDEND,1.074,,,,"{""amount"":1.074,""date"":1418999400}"
MDY,1426858200,2015-03-20T13:30:00+00:00,2015-03-20,IN_SCOPE,DIVIDEND,0.614,,,,"{""amount"":0.614,""date"":1426858200}"
MDY,1434720600,2015-06-19T13:30:00+00:00,2015-06-19,IN_SCOPE,DIVIDEND,0.924,,,,"{""amount"":0.924,""date"":1434720600}"
MDY,1442583000,2015-09-18T13:30:00+00:00,2015-09-18,IN_SCOPE,DIVIDEND,0.901,,,,"{""amount"":0.901,""date"":1442583000}"
MDY,1450449000,2015-12-18T14:30:00+00:00,2015-12-18,IN_SCOPE,DIVIDEND,1.003,,,,"{""amount"":1.003,""date"":1450449000}"
MDY,1458307800,2016-03-18T13:30:00+00:00,2016-03-18,IN_SCOPE,DIVIDEND,0.816,,,,"{""amount"":0.816,""date"":1458307800}"
MDY,1466170200,2016-06-17T13:30:00+00:00,2016-06-17,IN_SCOPE,DIVIDEND,0.848,,,,"{""amount"":0.848,""date"":1466170200}"
MDY,1474032600,2016-09-16T13:30:00+00:00,2016-09-16,IN_SCOPE,DIVIDEND,1.113,,,,"{""amount"":1.113,""date"":1474032600}"
MDY,1481898600,2016-12-16T14:30:00+00:00,2016-12-16,IN_SCOPE,DIVIDEND,1.165,,,,"{""amount"":1.165,""date"":1481898600}"
